Player Name,Position,Team,Season,Games Played,Goals Per Team Goals %,Assists Per Team Assists %,Points Per Team Points %,Total Points,Total Team Points,Player Age
"Boudrias, Shawn",RW,Olympiques, 2017-18 Regular Season,2,0.25,0.5,0.75,3,4,18.30684932
"Whittaker, Liam",D,Knights, 2017-18 Regular Season,1,0,0.5,0.5,1,2,16.30684932
"Balmas, Mitchell",LW,Olympiques, 2017-18 Regular Season,1,0.75,0,0.75,3,4,19.76164384
"Vilardi, Gabriel",C,Frontenacs, 2017-18 Regular Season,32,0.191304348,0.313043478,0.504347826,58,115,18.59397129
"Thomas, Robert",C,Knights, 2017-18 Regular Season,27,0.208333333,0.270833333,0.479166667,46,96,18.44887622
"Bouchard, Evan",D,Knights, 2017-18 Regular Season,66,0.105726872,0.273127753,0.378854626,86,227,18.4125808
"Svechnikov, Andrei",RW,Colts, 2017-18 Regular Season,44,0.192307692,0.153846154,0.346153846,72,208,17.98183821
"Merkley, Ryan",D,Storm, 2017-18 Regular Season,63,0.0625,0.259615385,0.322115385,67,208,17.59499212
"Fowler, Hayden",C,Otters, 2017-18 Regular Season,28,0.12195122,0.146341463,0.268292683,22,82,16.48110592
"Dellandrea, Ty",C,Firebirds, 2017-18 Regular Season,67,0.144385027,0.171122995,0.315508021,59,187,17.66095426
"Murray, Blake",C,Wolves, 2017-18 Regular Season,56,0.12804878,0.140243902,0.268292683,44,164,16.70343774
"Thomas, Akil",RW,IceDogs, 2017-18 Regular Season,68,0.092436975,0.24789916,0.340336134,81,238,18.21241233
"Suzuki, Nick",C,Attack, 2017-18 Regular Season,64,0.15498155,0.21402214,0.36900369,100,271,18.60866076
"Robertson, Jason",RW,Frontenacs, 2017-18 Regular Season,68,0.170833333,0.191666667,0.3625,87,240,18.66246444
"Tippett, Owen",RW,Steelheads, 2017-18 Regular Season,51,0.19047619,0.206349206,0.396825397,75,189,19.09143385
"Maksimov, Kirill",RW,IceDogs, 2017-18 Regular Season,62,0.157407407,0.212962963,0.37037037,80,216,18.80145342
"Brown, Logan",C,Spitfires, 2017-18 Regular Season,15,0.254901961,0.215686275,0.470588235,24,51,19.76863947
"Nyman, Linus",LW,Frontenacs, 2017-18 Regular Season,67,0.163179916,0.192468619,0.355648536,85,239,18.68657272
"Hillis, Cam",C,Storm, 2017-18 Regular Season,60,0.099502488,0.194029851,0.293532338,59,201,17.72980264
"Dunkley, Nathan",LW,Frontenacs, 2017-18 Regular Season,31,0.116071429,0.178571429,0.294642857,33,112,17.82849872
"Frost, Morgan",C,Greyhounds, 2017-18 Regular Season,66,0.133986928,0.225490196,0.359477124,110,306,18.84587277
"Thomas, Robert",C,Bulldogs, 2017-18 Regular Season,22,0.047058824,0.294117647,0.341176471,29,85,18.70694167
"Chmelevski, Sasha",C,67's, 2017-18 Regular Season,67,0.155963303,0.183486239,0.339449541,74,218,18.77560085
"Struthers, Matthew",C,Battalion, 2017-18 Regular Season,29,0.152173913,0.141304348,0.293478261,27,92,18.22603281
"Lodnia, Ivan",RW,Otters, 2017-18 Regular Season,62,0.113402062,0.190721649,0.304123711,59,194,18.51132659
"Raddysh, Taylor",RW,Otters, 2017-18 Regular Season,30,0.140186916,0.271028037,0.411214953,44,107,19.81637361
"Kyrou, Jordan",RW,Sting, 2017-18 Regular Season,55,0.150579151,0.266409266,0.416988417,108,259,19.86906998
"Jones, Ben",C,IceDogs, 2017-18 Regular Season,68,0.12605042,0.205882353,0.331932773,79,238,19.0617274
"Pu, Cliff",C,Knights, 2017-18 Regular Season,36,0.134453782,0.243697479,0.378151261,45,119,19.58685445
"Nizhnikov, Kirill",RW,Wolves, 2017-18 Regular Season,37,0.076086957,0.184782609,0.260869565,24,92,17.96714944
"McShane, Allan",C,Generals, 2017-18 Regular Season,66,0.078512397,0.185950413,0.26446281,64,242,18.08958294
"McLeod, Ryan",C,Steelheads, 2017-18 Regular Season,68,0.104417671,0.176706827,0.281124498,70,249,18.4969133
"Der-Arguchintsev, Semyon",C,Petes, 2017-18 Regular Season,68,0.054545455,0.177272727,0.231818182,51,220,17.50830818
"Luchuk, Aaron",C,Spitfires, 2017-18 Regular Season,30,0.28,0.23,0.51,51,100,20.6889737
"Sokolov, Dmitry",RW,Colts, 2017-18 Regular Season,29,0.202702703,0.189189189,0.391891892,58,148,19.93252759
"Brown, Logan",C,Rangers, 2017-18 Regular Season,16,0.14,0.26,0.4,20,50,20.03537221
"Douglas, Curtis",C,Spitfires, 2017-18 Regular Season,37,0.136363636,0.109090909,0.245454545,27,110,18.03444327
"Formenton, Alex",LW,Knights, 2017-18 Regular Season,47,0.162011173,0.106145251,0.268156425,48,179,18.51395066
"Jenkins, Blade",C,Spirit, 2017-18 Regular Season,67,0.104166667,0.119791667,0.223958333,43,192,17.60095395
"Caamano, Nicholas",LW,Firebirds, 2017-18 Regular Season,23,0.179104478,0.134328358,0.313432836,21,67,19.21500062
"Mascherin, Adam",LW,Rangers, 2017-18 Regular Season,66,0.169491525,0.194915254,0.36440678,86,236,19.77920746
"Garreffa, Joseph",RW,Rangers, 2017-18 Regular Season,67,0.050209205,0.221757322,0.271966527,65,239,18.60878181
"Ratcliffe, Isaac",LW,Storm, 2017-18 Regular Season,67,0.182222222,0.12,0.302222222,68,225,19.09090066
"Kaliyev, Arthur",RW,Bulldogs, 2017-18 Regular Season,68,0.124,0.068,0.192,48,250,16.72744528
"Hague, Nicolas",D,Steelheads, 2017-18 Regular Season,67,0.142276423,0.174796748,0.317073171,78,246,19.29143385
"Studnicka, Jack",C,Generals, 2017-18 Regular Season,66,0.091666667,0.208333333,0.3,72,240,19.07862385
"Dudas, Aidan",C,Attack, 2017-18 Regular Season,68,0.108391608,0.118881119,0.227272727,65,286,17.75934569
"Pu, Cliff",C,Frontenacs, 2017-18 Regular Season,29,0.12037037,0.240740741,0.361111111,39,108,19.79668151
"Noel, Serron",RW,Generals, 2017-18 Regular Season,61,0.119148936,0.09787234,0.217021277,51,235,17.60739116
"Sokolov, Dmitry",RW,Wolves, 2017-18 Regular Season,35,0.18018018,0.162162162,0.342342342,38,111,19.73842498
"Giroux, Damien",LW,Spirit, 2017-18 Regular Season,67,0.098958333,0.125,0.223958333,43,192,18.04204985
"Dunkley, Nathan",LW,Knights, 2017-18 Regular Season,28,0.080808081,0.141414141,0.222222222,22,99,18.03723832
"Coskey, Cole",RW,Spirit, 2017-18 Regular Season,67,0.140625,0.119791667,0.260416667,50,192,18.79821423
"Strome, Matthew",LW,Bulldogs, 2017-18 Regular Season,65,0.155462185,0.130252101,0.285714286,68,238,19.19187687
"Burghardt, Luke",C,Battalion, 2017-18 Regular Season,67,0.133971292,0.205741627,0.339712919,71,209,19.85069036
"Gogolev, Pavel",RW,Petes, 2017-18 Regular Season,66,0.142180095,0.08056872,0.222748815,47,211,18.08091092
"Goldowski, Jake",RW,Spirit, 2017-18 Regular Season,39,0.111111111,0.101010101,0.212121212,21,99,17.863967
"Roberts, Connor",C,Firebirds, 2017-18 Regular Season,44,0.12195122,0.097560976,0.219512195,27,123,18.07191316
"Durzi, Sean",D,Attack, 2017-18 Regular Season,40,0.089820359,0.203592814,0.293413174,49,167,19.39146128
"Robertson, Nick",C,Petes, 2017-18 Regular Season,62,0.076142132,0.091370558,0.16751269,33,197,16.51926709
"Brazeau, Justin",RW,Battalion, 2017-18 Regular Season,67,0.186602871,0.172248804,0.358851675,75,209,20.12192324
"Felhaber, Tye",LW,67's, 2017-18 Regular Season,67,0.133027523,0.174311927,0.30733945,67,218,19.61943646
"Hayton, Barrett",C,Greyhounds, 2017-18 Regular Season,62,0.06993007,0.132867133,0.202797203,58,286,17.7712629
"Miletic, Sam",LW,Knights, 2017-18 Regular Season,35,0.129032258,0.306451613,0.435483871,54,124,20.68774037
"Ang, Jonathan",C,Petes, 2017-18 Regular Season,39,0.1171875,0.21875,0.3359375,43,128,19.9399825
"Roy, Charles-Antoine",C,Olympiques, 2017-18 Regular Season,2,0,0.25,0.25,1,4,18.87671233
"Rollo, Tyler",LW,Petes, 2017-18 Regular Season,3,0.142857143,0.214285714,0.357142857,5,14,20.18356164
"Katchouk, Boris",RW,Greyhounds, 2017-18 Regular Season,58,0.154411765,0.158088235,0.3125,85,272,19.74998235
"Dineen, Cam",D,Battalion, 2017-18 Regular Season,39,0.090163934,0.204918033,0.295081967,36,122,19.55620635
"Levin, David",LW,Wolves, 2017-18 Regular Season,45,0.11023622,0.118110236,0.228346457,29,127,18.50294897
"Ruzicka, Adam",C,Sting, 2017-18 Regular Season,62,0.123239437,0.123239437,0.246478873,70,284,18.85263163
"Michnac, Albert",C,Steelheads, 2017-18 Regular Season,59,0.098130841,0.182242991,0.280373832,60,214,19.42294069
"Lipanov, Alexey",C,Colts, 2017-18 Regular Season,35,0.079710145,0.137681159,0.217391304,30,138,18.39358739
"Purboo, Cole",RW,Spitfires, 2017-18 Regular Season,67,0.1,0.133333333,0.233333333,49,210,18.75225149
"Maksimovich, Kyle",LW,Otters, 2017-18 Regular Season,65,0.151960784,0.171568627,0.323529412,66,204,20.02596474
"Clark, Kody",RW,67's, 2017-18 Regular Season,55,0.101694915,0.11299435,0.214689266,38,177,18.430395
"Chiodo, Lucas",LW,Colts, 2017-18 Regular Season,68,0.101351351,0.165540541,0.266891892,79,296,19.38458239
"Suzuki, Ryan",C,Colts, 2017-18 Regular Season,64,0.050359712,0.107913669,0.158273381,44,278,16.80923992
"Saigeon, Brandon",C,Bulldogs, 2017-18 Regular Season,65,0.145228216,0.145228216,0.290456432,70,241,19.76306172
"McLeod, Michael",C,Steelheads, 2017-18 Regular Season,38,0.117647059,0.205882353,0.323529412,44,136,20.12704711
"Keating, Austen",C,67's, 2017-18 Regular Season,65,0.114285714,0.123809524,0.238095238,50,210,19.03313451
"Bitten, Will",C,Bulldogs, 2017-18 Regular Season,62,0.087336245,0.192139738,0.279475983,64,229,19.68484059
"Serre, Noah",RW,Wolves, 2017-18 Regular Season,1,0.25,0,0.25,1,4,19.28493151
"Sandin, Rasmus",D,Greyhounds, 2017-18 Regular Season,50,0.05,0.1375,0.1875,45,240,18.02943408
"Raddysh, Taylor",RW,Greyhounds, 2017-18 Regular Season,27,0.142857143,0.166666667,0.30952381,39,126,20.07874948
"Barron, Travis",LW,67's, 2017-18 Regular Season,66,0.097222222,0.162037037,0.259259259,56,216,19.58655975
"Morgan, Cody",C,Spitfires, 2017-18 Regular Season,31,0.065934066,0.087912088,0.153846154,14,91,17.12368107
"Golod, Maxim",LW,Otters, 2017-18 Regular Season,61,0.06,0.105,0.165,33,200,17.58247578
"Sushko, Maksim",RW,Attack, 2017-18 Regular Season,60,0.116541353,0.109022556,0.22556391,60,266,19.10455117
"Pezzetta, Michael",C,Wolves, 2017-18 Regular Season,35,0.131578947,0.140350877,0.271929825,31,114,19.82530907
"Moore, Ryan",C,Firebirds, 2017-18 Regular Season,21,0.13559322,0.220338983,0.355932203,21,59,20.62869926
"Miletic, Sam",LW,IceDogs, 2017-18 Regular Season,28,0.206185567,0.18556701,0.391752577,38,97,20.87156712
"Entwistle, MacKenzie",RW,Bulldogs, 2017-18 Regular Season,49,0.069148936,0.132978723,0.20212766,38,188,18.68086966
"Douglas, Curtis",C,Colts, 2017-18 Regular Season,28,0.065420561,0.102803738,0.168224299,18,107,17.77098995
"Day, Sean",D,Frontenacs, 2017-18 Regular Season,23,0.011627907,0.290697674,0.302325581,26,86,20.19386155
"Gadjovich, Jonah",LW,Attack, 2017-18 Regular Season,42,0.125628141,0.115577889,0.24120603,48,199,19.43605508
"Hancock, Kevin",LW,Attack, 2017-18 Regular Season,53,0.1,0.1875,0.2875,69,240,20.04975665
"Timmins, Conor",D,Greyhounds, 2017-18 Regular Season,35,0.049689441,0.192546584,0.242236025,39,161,19.49280523
"Holmes, Hunter",C,Firebirds, 2017-18 Regular Season,40,0.097345133,0.079646018,0.17699115,20,113,18.14072697
"Rymsha, Drake",C,Sting, 2017-18 Regular Season,67,0.105802048,0.14334471,0.249146758,73,293,19.6194665
"Foudy, Liam",C,Knights, 2017-18 Regular Season,64,0.108108108,0.067567568,0.175675676,39,222,18.11943011
"Hinz, Brady",RW,Sting, 2017-18 Regular Season,40,0.074285714,0.085714286,0.16,28,175,17.68597179
"Dineen, Cam",D,Sting, 2017-18 Regular Season,25,0.081818182,0.172727273,0.254545455,28,110,19.74578231
"Schnarr, Nate",C,Storm, 2017-18 Regular Season,57,0.086956522,0.125,0.211956522,39,184,19.05988352
"Boka, Luke",RW,Spitfires, 2017-18 Regular Season,64,0.074257426,0.123762376,0.198019802,40,202,18.76868985
"Stratis, Peter",D,Wolves, 2017-18 Regular Season,27,0.028985507,0.144927536,0.173913043,12,69,18.16645143
"Hawel, Liam",C,Storm, 2017-18 Regular Season,62,0.068965517,0.133004926,0.201970443,41,203,18.92103765
"Antropov, Danil",LW,Generals, 2017-18 Regular Season,58,0.072463768,0.072463768,0.144927536,30,207,17.24026787
"Lipanov, Alexey",C,Wolves, 2017-18 Regular Season,19,0.069767442,0.11627907,0.186046512,8,43,18.58769083
"McCourt, Riley",D,Firebirds, 2017-18 Regular Season,30,0.048192771,0.108433735,0.156626506,13,83,17.72944741
"Damiani, Riley",C,Rangers, 2017-18 Regular Season,63,0.084444444,0.08,0.164444444,37,225,17.99429752
"Timms, Matthew",D,Petes, 2017-18 Regular Season,46,0.021276596,0.226950355,0.24822695,35,141,19.77552779
"Gilmour, Brady",C,Spirit, 2017-18 Regular Season,41,0.06870229,0.122137405,0.190839695,25,131,18.76440807
"Jones, Max",LW,Knights, 2017-18 Regular Season,25,0.214285714,0.035714286,0.25,21,84,19.82433088
"Singer, Danial",RW,IceDogs, 2017-18 Regular Season,67,0.111111111,0.094017094,0.205128205,48,234,19.10555561
"Studenic, Marian",RW,Bulldogs, 2017-18 Regular Season,62,0.091743119,0.128440367,0.220183486,48,218,19.39045898
"Struthers, Matthew",C,Attack, 2017-18 Regular Season,32,0.080357143,0.080357143,0.160714286,18,112,18.02023009
"Hinz, Brady",RW,Petes, 2017-18 Regular Season,28,0.055555556,0.1,0.155555556,14,90,17.8781712
"Commisso, Domenico",C,Generals, 2017-18 Regular Season,62,0.094827586,0.168103448,0.262931034,61,232,20.07588432
"Carson, Macauley",LW,Wolves, 2017-18 Regular Season,48,0.0859375,0.109375,0.1953125,25,128,19.01509465
"Willms, Jason",C,Colts, 2017-18 Regular Season,68,0.091216216,0.108108108,0.199324324,59,296,19.11060978
"Coe, Brandon",RW,Battalion, 2017-18 Regular Season,62,0.050761421,0.065989848,0.116751269,23,197,16.29178625
"MacDougall, Mathew",LW,Spitfires, 2017-18 Regular Season,65,0.084158416,0.074257426,0.158415842,32,202,18.15225146
"Day, Sean",D,Spitfires, 2017-18 Regular Season,27,0.046511628,0.197674419,0.244186047,21,86,19.94037726
"Gritz, Alex",LW,Otters, 2017-18 Regular Season,67,0.060747664,0.079439252,0.140186916,30,214,17.50576345
"Luchuk, Aaron",C,Colts, 2017-18 Regular Season,38,0.121546961,0.232044199,0.35359116,64,181,20.95718513
"Grondin, Max",C,Spirit, 2017-18 Regular Season,65,0.059139785,0.086021505,0.14516129,27,186,17.70506354
"Caamano, Nicholas",LW,Bulldogs, 2017-18 Regular Season,41,0.077844311,0.137724551,0.215568862,36,167,19.52338372
"Stepien, Ryan",RW,Spirit, 2017-18 Regular Season,49,0.074074074,0.044444444,0.118518519,16,135,16.49410464
"Poddubnyi, Gera",C,Otters, 2017-18 Regular Season,65,0.089108911,0.089108911,0.178217822,36,202,18.77699505
"Toropchenko, Alexey",RW,Storm, 2017-18 Regular Season,66,0.076923077,0.099547511,0.176470588,39,221,18.73473628
"Clarke, Graeme",RW,67's, 2017-18 Regular Season,62,0.07,0.055,0.125,25,200,16.89888852
"MacLean, Kyle",C,Generals, 2017-18 Regular Season,43,0.064516129,0.116129032,0.180645161,28,155,18.88633411
"Korostelev, Nikita",RW,Petes, 2017-18 Regular Season,64,0.147058824,0.220588235,0.367647059,75,204,21.11104791
"Moverare, Jacob",D,Steelheads, 2017-18 Regular Season,32,0.028301887,0.169811321,0.198113208,21,106,19.3369804
"Larionov, Igor",RW,Spitfires, 2017-18 Regular Season,31,0.06,0.15,0.21,21,100,19.56475103
"Brassard, Matt",D,Generals, 2017-18 Regular Season,67,0.065843621,0.144032922,0.209876543,51,243,19.61013089
"Gettinger, Tim",LW,Greyhounds, 2017-18 Regular Season,65,0.11,0.12,0.23,69,300,19.92806455
"Bulitka, Shane",LW,Wolves, 2017-18 Regular Season,66,0.046632124,0.119170984,0.165803109,32,193,18.69521856
"Thilander, Adam",D,Battalion, 2017-18 Regular Season,67,0.057416268,0.14354067,0.200956938,42,209,19.49726571
"Keane, Joey",D,Colts, 2017-18 Regular Season,62,0.045283019,0.120754717,0.166037736,44,265,18.71582463
"DeNoble, Logan",C,Petes, 2017-18 Regular Season,59,0.158974359,0.107692308,0.266666667,52,195,20.4288053
"Wong, Nick",C,Generals, 2017-18 Regular Season,62,0.072340426,0.038297872,0.110638298,26,235,16.49780212
"Samorukov, Dmitri",D,Storm, 2017-18 Regular Season,62,0.053921569,0.112745098,0.166666667,34,204,18.75927902
"Gallant, Zach",C,Petes, 2017-18 Regular Season,54,0.09039548,0.084745763,0.175141243,31,177,18.99949788
"Kohn, Mason",C,Spirit, 2017-18 Regular Season,53,0.116883117,0.194805195,0.311688312,48,154,20.87766628
"Peca, Jaden",RW,Colts, 2017-18 Regular Season,64,0.057761733,0.111913357,0.16967509,47,277,18.92156869
"Ang, Jonathan",C,Sting, 2017-18 Regular Season,25,0.081081081,0.153153153,0.234234234,26,111,20.12934395
"Neumann, Brett",C,Frontenacs, 2017-18 Regular Season,68,0.075,0.1,0.175,42,240,19.09260143
"McMaster, Adam",C,Battalion, 2017-18 Regular Season,63,0.044776119,0.094527363,0.139303483,28,201,18.06018964
"Carter, Cole",RW,Steelheads, 2017-18 Regular Season,28,0.132743363,0.07079646,0.203539823,23,113,19.7078722
"Tomasino, Philip",RW,IceDogs, 2017-18 Regular Season,61,0.022624434,0.085972851,0.108597285,24,221,16.64254916
"Colella, Maurizio",LW,Firebirds, 2017-18 Regular Season,67,0.121052632,0.2,0.321052632,61,190,20.99794056
"Pilon, Darian",LW,Wolves, 2017-18 Regular Season,61,0.076923077,0.112426036,0.189349112,32,169,19.46233352
"Roberts, Connor",C,Bulldogs, 2017-18 Regular Season,22,0.048387097,0.080645161,0.129032258,8,62,17.74599923
"Robinson, Cade",RW,Otters, 2017-18 Regular Season,38,0.046875,0.09375,0.140625,18,128,18.20552175
"Kirwin, Barret",C,Storm, 2017-18 Regular Season,68,0.057522124,0.079646018,0.137168142,31,226,18.08268148
"Hollowell, Mac",D,Greyhounds, 2017-18 Regular Season,62,0.040955631,0.146757679,0.187713311,55,293,19.47600975
"Malik, Zack",D,Wolves, 2017-18 Regular Season,32,0,0.12371134,0.12371134,12,97,17.60268448
"Bunnaman, Connor",C,Rangers, 2017-18 Regular Season,65,0.111587983,0.098712446,0.210300429,49,233,19.9238503
"Magwood, Zachary",C,Colts, 2017-18 Regular Season,65,0.095744681,0.113475177,0.209219858,59,282,19.91060978
"Krastenbergs, Renars",LW,Generals, 2017-18 Regular Season,60,0.095454545,0.077272727,0.172727273,38,220,19.22656925
"Landry, Kade",D,Colts, 2017-18 Regular Season,17,0.04,0.106666667,0.146666667,11,75,18.53240678
"Mattinen, Nicolas",D,Firebirds, 2017-18 Regular Season,38,0.046296296,0.157407407,0.203703704,22,108,19.84762243
"Philip, Matthew",C,IceDogs, 2017-18 Regular Season,68,0.067226891,0.088235294,0.155462185,37,238,18.80419315
"Corcoran, Connor",D,Spitfires, 2017-18 Regular Season,62,0.015789474,0.105263158,0.121052632,23,190,17.61252547
"Durham, Jake",RW,Firebirds, 2017-18 Regular Season,68,0.041884817,0.115183246,0.157068063,30,191,18.95136522
"Li≈°ka, Adam",C,Rangers, 2017-18 Regular Season,61,0.055555556,0.083333333,0.138888889,30,216,18.42794462
"Leufvenius, Hugo",LW,Sting, 2017-18 Regular Season,67,0.061433447,0.09556314,0.156996587,46,293,18.98385006
"Lyle, Brady",D,Attack, 2017-18 Regular Season,54,0.042056075,0.107476636,0.14953271,32,214,18.78674291
"Hoelscher, Mitchell",LW,67's, 2017-18 Regular Season,66,0.046511628,0.08372093,0.130232558,28,215,18.13998441
"Stanley, Logan",D,Rangers, 2017-18 Regular Season,60,0.069124424,0.124423963,0.193548387,42,217,19.80772057
"Kopacka, Jack",RW,Greyhounds, 2017-18 Regular Season,65,0.1,0.106666667,0.206666667,62,300,20.03765359
"Jones, Max",LW,Frontenacs, 2017-18 Regular Season,6,0.066666667,0.133333333,0.2,3,15,19.93467466
"Sambrook, Jordan",D,Otters, 2017-18 Regular Season,38,0.0546875,0.1328125,0.1875,24,128,19.7370286
"Foget, Mathieu",RW,Steelheads, 2017-18 Regular Season,31,0.086614173,0.212598425,0.299212598,38,127,21.04211878
"Timleck, Adam",RW,Petes, 2017-18 Regular Season,39,0.092198582,0.113475177,0.205673759,29,141,20.06142291
"Ralph, Cedric",C,Storm, 2017-18 Regular Season,68,0.10619469,0.053097345,0.159292035,36,226,19.15939381
"Tabak, Anthony",LW,Wolves, 2017-18 Regular Season,50,0.039735099,0.052980132,0.092715232,14,151,16.26628472
"Gleason, Benjamin",D,Bulldogs, 2017-18 Regular Season,63,0.037344398,0.161825726,0.199170124,48,241,19.98497953
"Busdeker, DJ",RW,Spirit, 2017-18 Regular Season,67,0.046875,0.088541667,0.135416667,26,192,18.48040601
"Davis, Hayden",D,Spirit, 2017-18 Regular Season,67,0.020833333,0.119791667,0.140625,27,192,18.66122793
"Meireles, Greg",RW,Rangers, 2017-18 Regular Season,54,0.069148936,0.090425532,0.159574468,30,188,19.21151594
"Fox, Trent",LW,Steelheads, 2017-18 Regular Season,60,0.113744076,0.137440758,0.251184834,53,211,20.6760087
"Smith, Jake",RW,Spitfires, 2017-18 Regular Season,58,0.101694915,0.152542373,0.254237288,45,177,20.70960133
"Moncada, Luke",LW,Battalion, 2017-18 Regular Season,66,0.044117647,0.073529412,0.117647059,24,204,17.79590127
"D'Amico, Daniel",C,Spitfires, 2017-18 Regular Season,58,0.065934066,0.038461538,0.104395604,19,182,17.14403231
"Burnie, Tyler",C,Frontenacs, 2017-18 Regular Season,55,0.089473684,0.063157895,0.152631579,29,190,19.10902511
"Clarke, C.J.",RW,Firebirds, 2017-18 Regular Season,66,0.086956522,0.065217391,0.152173913,28,184,19.11026933
"Chisholm, Declan",D,Petes, 2017-18 Regular Season,47,0.018518519,0.104938272,0.12345679,20,162,18.16295042
"Salinitri, Anthony",LW,Sting, 2017-18 Regular Season,66,0.092783505,0.103092784,0.195876289,57,291,20.04098779
"Hoefenmayer, Noel",D,67's, 2017-18 Regular Season,64,0.033816425,0.120772947,0.154589372,32,207,19.19751866
"Nizhnikov, Kirill",RW,Colts, 2017-18 Regular Season,25,0.030612245,0.081632653,0.112244898,11,98,17.68459609
"Chenier, Brad",LW,Battalion, 2017-18 Regular Season,65,0.083743842,0.068965517,0.15270936,31,203,19.15753968
"Regula, Alec",D,Knights, 2017-18 Regular Season,66,0.030837004,0.079295154,0.110132159,25,227,17.61532051
"Everett, Caleb",D,Spirit, 2017-18 Regular Season,57,0.036585366,0.085365854,0.12195122,20,164,18.15984883
"Pilon, Drake",RW,Wolves, 2017-18 Regular Season,63,0.09039548,0.073446328,0.163841808,29,177,19.45619054
"McGregor, Ryan",C,Sting, 2017-18 Regular Season,50,0.061320755,0.089622642,0.150943396,32,212,19.13457502
"Bangs, Ryan",D,Knights, 2017-18 Regular Season,7,0,0.117647059,0.117647059,2,17,17.98274829
"McKenzie, Brett",LW,Battalion, 2017-18 Regular Season,31,0.1,0.155555556,0.255555556,23,90,20.81386651
"Crawford, Marcus",D,Spirit, 2017-18 Regular Season,67,0.067708333,0.208333333,0.276041667,53,192,20.9954745
"Rasanen, Eemeli",D,Frontenacs, 2017-18 Regular Season,61,0.022222222,0.124444444,0.146666667,33,225,19.03451793
"Rees, Jamieson",C,Sting, 2017-18 Regular Season,45,0.024875622,0.074626866,0.099502488,20,201,17.05782266
"Moskal, Billy",C,Knights, 2017-18 Regular Season,65,0.031531532,0.085585586,0.117117117,26,222,17.99066299
"Lajeunesse, Troy",C,Wolves, 2017-18 Regular Season,33,0.066037736,0.169811321,0.235849057,25,106,20.62548031
"Keppen, Ethan",LW,Firebirds, 2017-18 Regular Season,63,0.054644809,0.043715847,0.098360656,18,183,16.99794056
"Kutkevicius, Luke",C,Spitfires, 2017-18 Regular Season,39,0.111111111,0.076923077,0.188034188,22,117,19.98121531
"Boomhower, Shaw",C,Steelheads, 2017-18 Regular Season,25,0.091954023,0.057471264,0.149425287,13,87,19.1589425
"Little, Michael",LW,Steelheads, 2017-18 Regular Season,65,0.058823529,0.058823529,0.117647059,28,238,18.07773522
"Stratis, Peter",D,67's, 2017-18 Regular Season,39,0.035087719,0.078947368,0.114035088,13,114,17.9756931
"Headrick, Owen",D,Otters, 2017-18 Regular Season,64,0.063414634,0.16097561,0.224390244,46,205,20.57151687
"Schiemenz, Cedric",C,Spitfires, 2017-18 Regular Season,25,0.014084507,0.126760563,0.14084507,10,71,19.02917457
"Pezzetta, Michael",C,Sting, 2017-18 Regular Season,26,0.070175439,0.114035088,0.184210526,21,114,20.0194665
"Popov, Sergey",LW,Frontenacs, 2017-18 Regular Season,35,0.05,0.058333333,0.108333333,13,120,17.77863292
"Popov, Sergey",LW,Knights, 2017-18 Regular Season,28,0.040816327,0.071428571,0.112244898,11,98,17.97696436
"Sherwood, Kole",RW,Rangers, 2017-18 Regular Season,56,0.138613861,0.143564356,0.282178218,57,202,21.15398729
"Ham, Liam",D,IceDogs, 2017-18 Regular Season,63,0.026666667,0.115555556,0.142222222,32,225,19.12473608
"Huether, Kenny",RW,Generals, 2017-18 Regular Season,67,0.12345679,0.098765432,0.222222222,54,243,20.61561034
"Tymkin, Cole",RW,Knights, 2017-18 Regular Season,57,0.041666667,0.09375,0.135416667,26,192,18.95502141
"Van Loon, Liam",LW,Bulldogs, 2017-18 Regular Season,2,0,0.083333333,0.083333333,1,12,16.29452055
"Phillips, Markus",D,Attack, 2017-18 Regular Season,68,0.034965035,0.101398601,0.136363636,39,286,18.99770186
"Roth, Ryan",RW,Greyhounds, 2017-18 Regular Season,67,0.048543689,0.055016181,0.103559871,32,309,17.6595714
"McCourt, Riley",D,Bulldogs, 2017-18 Regular Season,26,0.011111111,0.088888889,0.1,9,90,17.50402533
"Smith, Givani",RW,Rangers, 2017-18 Regular Season,26,0.101123596,0.078651685,0.179775281,16,89,20.05489239
"Castleman, Oliver",LW,IceDogs, 2017-18 Regular Season,64,0.052863436,0.066079295,0.118942731,27,227,18.51104098
"Smereck, Jalen",D,Firebirds, 2017-18 Regular Season,46,0.08,0.192,0.272,34,125,21.17602275
"Carter, Cole",RW,Rangers, 2017-18 Regular Season,38,0.064285714,0.085714286,0.15,21,140,19.51285033
"Porco, Nicholas",LW,Spirit, 2017-18 Regular Season,56,0.034482759,0.055172414,0.089655172,13,145,17.01739231
"Verbeek, Hayden",C,Greyhounds, 2017-18 Regular Season,66,0.095394737,0.101973684,0.197368421,60,304,20.41828663
"Vallati, Giovanni",D,Rangers, 2017-18 Regular Season,64,0.012875536,0.094420601,0.107296137,25,233,18.07179551
"Corneil, Johnny",LW,IceDogs, 2017-18 Regular Season,64,0.091703057,0.11790393,0.209606987,48,229,20.59323425
"Hugg, Rickard",C,Rangers, 2017-18 Regular Season,65,0.021834061,0.113537118,0.135371179,31,229,19.16493092
"Josling, Sean",RW,Sting, 2017-18 Regular Season,67,0.071672355,0.058020478,0.129692833,38,293,18.99480896
"Rippon, Merrick",D,Steelheads, 2017-18 Regular Season,37,0.008196721,0.090163934,0.098360656,12,122,17.6826201
"Bahl, Kevin",D,67's, 2017-18 Regular Season,57,0.005464481,0.092896175,0.098360656,18,183,17.72301688
"Katic, Danny",LW,Spirit, 2017-18 Regular Season,54,0.025641026,0.070512821,0.096153846,15,156,17.62007951
"Girhiny, Christian",LW,Otters, 2017-18 Regular Season,56,0.057803468,0.086705202,0.144508671,25,173,19.50765651
"Smith, Givani",RW,Storm, 2017-18 Regular Season,19,0.115942029,0.043478261,0.15942029,11,69,19.86261487
"Brahaney, Jakob",D,Frontenacs, 2017-18 Regular Season,67,0.021008403,0.105042017,0.12605042,30,238,18.98575211
"Gordeev, Fedor",D,Firebirds, 2017-18 Regular Season,67,0.041884817,0.089005236,0.130890052,25,191,19.14314604
"Rippon, Merrick",D,67's, 2017-18 Regular Season,30,0.027272727,0.072727273,0.1,11,110,17.89066934
"Candella, Cole",D,Wolves, 2017-18 Regular Season,67,0.025773196,0.144329897,0.170103093,33,194,20.09521856
"Lajeunesse, Troy",C,Otters, 2017-18 Regular Season,27,0.098765432,0.12345679,0.222222222,18,81,20.8317907
"Moore, Ryan",C,Bulldogs, 2017-18 Regular Season,42,0.059171598,0.171597633,0.230769231,39,169,20.93708235
"McMichael, Connor",C,Bulldogs, 2017-18 Regular Season,32,0.042016807,0.042016807,0.084033613,10,119,16.97037685
"Vertiy, Daniil",LW,Spirit, 2017-18 Regular Season,17,0.015625,0.109375,0.125,8,64,19.05397276
"Stillman, Riley",D,Bulldogs, 2017-18 Regular Season,33,0.031007752,0.131782946,0.162790698,21,129,20.02201386
"McFadden, Garrett",D,Storm, 2017-18 Regular Season,68,0.026548673,0.168141593,0.194690265,44,226,20.57857189
"O'Bonsawin, Ryan",D,Wolves, 2017-18 Regular Season,8,0.058823529,0.058823529,0.117647059,2,17,18.85866866
"Auger, Kyle",D,67's, 2017-18 Regular Season,7,0,0.115384615,0.115384615,3,26,18.7880137
"Carbonara, Adrian",RW,Knights, 2017-18 Regular Season,11,0.12,0.08,0.2,5,25,20.66500696
"Foget, Mathieu",RW,67's, 2017-18 Regular Season,37,0.101851852,0.111111111,0.212962963,23,108,20.82606006
"Baker, Andy",RW,Battalion, 2017-18 Regular Season,62,0.050505051,0.065656566,0.116161616,23,198,18.84243263
"Nurse, Isaac",RW,Bulldogs, 2017-18 Regular Season,68,0.068,0.052,0.12,30,250,19.00963707
"Lalonde, Owen",D,Storm, 2017-18 Regular Season,67,0.004504505,0.094594595,0.099099099,22,222,18.12426708
"Bitten, Sam",C,67's, 2017-18 Regular Season,67,0.032110092,0.064220183,0.096330275,21,218,17.9920392
"Bertuzzi, Tag",C,Storm, 2017-18 Regular Season,41,0.022058824,0.058823529,0.080882353,11,136,17.00342762
"Roberts, Elijah",D,IceDogs, 2017-18 Regular Season,64,0.034782609,0.086956522,0.12173913,28,230,19.15487808
"Lyszczarczyk, Alan",C,Attack, 2017-18 Regular Season,59,0.080769231,0.076923077,0.157692308,41,260,20.08537309
"O'Grady, Reagan",D,Wolves, 2017-18 Regular Season,27,0.052631579,0.063157895,0.115789474,11,95,18.97791741
"Hutcheson, Nolan",LW,Wolves, 2017-18 Regular Season,61,0.038888889,0.05,0.088888889,16,180,17.72809526
"Hotchkiss, Matt",LW,Storm, 2017-18 Regular Season,19,0.035087719,0.105263158,0.140350877,8,57,19.76976185
"Paquette, Christopher",C,Petes, 2017-18 Regular Season,61,0.082474227,0.067010309,0.149484536,29,194,19.98083548
"Yetman, Chad",RW,Otters, 2017-18 Regular Season,56,0.052941176,0.041176471,0.094117647,16,170,18.08110592
"Beamish, Luke",D,Otters, 2017-18 Regular Season,16,0,0.086956522,0.086956522,4,46,17.71944271
"Sproviero, Franco",C,Sting, 2017-18 Regular Season,63,0.036630037,0.095238095,0.131868132,36,273,19.60937284
"Sproule, Emmett",C,Otters, 2017-18 Regular Season,56,0.029411765,0.047058824,0.076470588,13,170,16.99891414
"Angle, Tyler",C,Spitfires, 2017-18 Regular Season,66,0.048076923,0.033653846,0.081730769,17,208,17.46456827
"Robertson, Carter",D,67's, 2017-18 Regular Season,56,0.021857923,0.071038251,0.092896175,17,183,18.17286112
"Baber, Camaryn",C,Spirit, 2017-18 Regular Season,11,0.024390244,0.048780488,0.073170732,3,41,16.84524026
"Tucker, Tyler",D,Colts, 2017-18 Regular Season,59,0.01171875,0.078125,0.08984375,23,256,18.04793189
"Schwindt, Cole",RW,Steelheads, 2017-18 Regular Season,66,0.032520325,0.040650407,0.073170732,18,246,16.90234519
"Constantinou, Billy",D,IceDogs, 2017-18 Regular Season,45,0.018518519,0.055555556,0.074074074,12,162,16.9849822
"McHugh, Nick",LW,Rangers, 2017-18 Regular Season,65,0.0472103,0.064377682,0.111587983,26,233,19.09371322
"Wismer, Jack",RW,Firebirds, 2017-18 Regular Season,67,0.041884817,0.047120419,0.089005236,17,191,18.06643371
"Prueter, Aidan",C,Spirit, 2017-18 Regular Season,62,0.017857143,0.047619048,0.06547619,11,168,16.23931012
"Rhodes, Kyle",D,Wolves, 2017-18 Regular Season,56,0.063694268,0.089171975,0.152866242,24,157,20.23220486
"Dow, Bobby",RW,Petes, 2017-18 Regular Season,63,0.0591133,0.0591133,0.118226601,24,203,19.37132188
"Harley, Thomas",D,Steelheads, 2017-18 Regular Season,62,0.00456621,0.063926941,0.068493151,15,219,16.58458453
"Gilhula, Owen",C,Wolves, 2017-18 Regular Season,52,0.038961039,0.045454545,0.084415584,13,154,17.83828236
"Washkurak, Keean",C,Steelheads, 2017-18 Regular Season,61,0.02739726,0.04109589,0.068493151,15,219,16.59280359
"Potts, Kyle",C,Battalion, 2017-18 Regular Season,60,0.04787234,0.085106383,0.132978723,25,188,19.80890475
"Bollers, Kyle",LW,Spirit, 2017-18 Regular Season,55,0.047904192,0.05988024,0.107784431,18,167,19.01306077
"Playfair, Chris",LW,Spitfires, 2017-18 Regular Season,65,0.024509804,0.058823529,0.083333333,17,204,17.79882683
"Sirman, William",C,Spitfires, 2017-18 Regular Season,65,0.029411765,0.06372549,0.093137255,19,204,18.3741691
"Johnson, Bradey",C,IceDogs, 2017-18 Regular Season,55,0.058510638,0.031914894,0.090425532,17,188,18.23706512
"Cranford, Ryan",RW,Frontenacs, 2017-18 Regular Season,68,0.066666667,0.070833333,0.1375,33,240,19.94739595
"Patry, Stephane",C,Otters, 2017-18 Regular Season,50,0.031055901,0.055900621,0.086956522,14,161,18.08110525
"Ernst, Jordan",LW,Sting, 2017-18 Regular Season,67,0.092150171,0.088737201,0.180887372,53,293,20.75371307
"Morgan, Cody",C,Frontenacs, 2017-18 Regular Season,31,0.04040404,0.03030303,0.070707071,7,99,16.91616966
"MacKay, Cole",RW,Greyhounds, 2017-18 Regular Season,42,0.024154589,0.043478261,0.06763285,14,207,16.75196428
"Uba, Eric",RW,Firebirds, 2017-18 Regular Season,4,0,0.071428571,0.071428571,1,14,17.10445205
"Edwardson, Carson",C,Otters, 2017-18 Regular Season,24,0.057471264,0.034482759,0.091954023,8,87,18.47804814
"King, Nick",D,Battalion, 2017-18 Regular Season,55,0.017964072,0.089820359,0.107784431,18,167,19.17671776
"Roberts, Zachary",LW,Attack, 2017-18 Regular Season,23,0.033333333,0.055555556,0.088888889,8,90,18.31888719
"Drewitt, Luke",LW,Frontenacs, 2017-18 Regular Season,6,0.0625,0,0.0625,1,16,16.25642123
"Staios, Nathan",D,Spitfires, 2017-18 Regular Season,53,0.012345679,0.055555556,0.067901235,11,162,16.83713596
"Stillman, Riley",D,Generals, 2017-18 Regular Season,29,0.009615385,0.115384615,0.125,13,104,19.78179096
"Groulx, Daylon",RW,Attack, 2017-18 Regular Season,56,0.053941909,0.024896266,0.078838174,19,241,17.78073163
"Murray, Justin",D,Colts, 2017-18 Regular Season,62,0.022641509,0.094339623,0.116981132,31,265,19.57189119
"Harris, Kyle",C,Firebirds, 2017-18 Regular Season,60,0.030864198,0.037037037,0.067901235,11,162,16.93491921
"McEneny, Austin",D,Spitfires, 2017-18 Regular Season,35,0.017241379,0.155172414,0.172413793,20,116,20.74720303
"Fellows, Patrick",LW,Otters, 2017-18 Regular Season,68,0.055555556,0.115740741,0.171296296,37,216,20.75507852
"Krassey, Evan",RW,Wolves, 2017-18 Regular Season,6,0.08,0.04,0.12,3,25,19.74760274
"Szypula, Ethan",C,Attack, 2017-18 Regular Season,67,0.067857143,0.132142857,0.2,56,280,21.14016761
"Walker, Daniel",LW,Battalion, 2017-18 Regular Season,35,0.065420561,0.028037383,0.093457944,10,107,18.78425536
"Primeau, Mason",C,Storm, 2017-18 Regular Season,60,0.033816425,0.028985507,0.062801932,13,207,16.64158559
"Howdeshell, Keeghan",LW,Greyhounds, 2017-18 Regular Season,60,0.059701493,0.070895522,0.130597015,35,268,20.06152558
"Deakin-Poot, Nick",C,Storm, 2017-18 Regular Season,2,0,0.090909091,0.090909091,1,11,18.68356164
"Middleton, Keaton",D,Spirit, 2017-18 Regular Season,63,0.021978022,0.10989011,0.131868132,24,182,20.10232382
"Vertiy, Daniil",LW,Battalion, 2017-18 Regular Season,5,0.047619048,0.047619048,0.095238095,2,21,18.90821918
"Kreis, Matthew",LW,Spirit, 2017-18 Regular Season,9,0.045454545,0.090909091,0.136363636,3,22,20.22420805
"Johnston, Hayden",D,Spitfires, 2017-18 Regular Season,4,0,0.071428571,0.071428571,1,14,17.52157534
"MacPherson, Justin",D,IceDogs, 2017-18 Regular Season,66,0,0.074235808,0.074235808,17,229,17.73843973
"True, Oliver",RW,67's, 2017-18 Regular Season,57,0.032432432,0.043243243,0.075675676,14,185,17.87149126
"Fergus, TJ",D,Colts, 2017-18 Regular Season,48,0.029268293,0.151219512,0.180487805,37,205,20.98697299
"Carroll, Joe",LW,Greyhounds, 2017-18 Regular Season,52,0.032786885,0.032786885,0.06557377,16,244,17.12258504
"Hawerchuk, Ben",LW,Colts, 2017-18 Regular Season,52,0.054545455,0.068181818,0.122727273,27,220,19.97814681
"Vukojevic, Michael",D,Rangers, 2017-18 Regular Season,23,0.012345679,0.049382716,0.061728395,5,81,16.77588645
"Harrogate, Brendan",RW,Generals, 2017-18 Regular Season,42,0.050632911,0.075949367,0.126582278,20,158,20.09231081
"Cascagnette, Jacob",LW,Steelheads, 2017-18 Regular Season,33,0.09009009,0.072072072,0.162162162,18,111,20.78380083
"Penman, Duncan",D,Spirit, 2017-18 Regular Season,54,0.026490066,0.033112583,0.059602649,9,151,16.7012473
"Baker, Dawson",RW,Wolves, 2017-18 Regular Season,60,0.033898305,0.039548023,0.073446328,13,177,17.93894431
"Harrogate, Brendan",RW,Steelheads, 2017-18 Regular Season,11,0.044444444,0.066666667,0.111111111,5,45,19.77204891
"McMichael, Connor",C,Knights, 2017-18 Regular Season,27,0.031578947,0.031578947,0.063157895,6,95,17.17148491
"Whittaker, Richard",LW,Knights, 2017-18 Regular Season,53,0.027777778,0.044444444,0.072222222,13,180,17.94399541
"Allensen, Nathan",D,Colts, 2017-18 Regular Season,55,0.008,0.052,0.06,15,250,16.87704148
"Landry, Kade",D,Bulldogs, 2017-18 Regular Season,44,0.005434783,0.081521739,0.086956522,16,184,18.87484265
"Frasca, Jordan",LW,Spitfires, 2017-18 Regular Season,11,0.028571429,0.028571429,0.057142857,2,35,16.60807202
"McKenzie, Brett",LW,Attack, 2017-18 Regular Season,33,0.08496732,0.08496732,0.169934641,26,153,21.02235939
"Okhotyuk, Nikita",D,67's, 2017-18 Regular Season,53,0.028409091,0.034090909,0.0625,11,176,17.24069667
"Dame, Joshua",LW,IceDogs, 2017-18 Regular Season,13,0.027027027,0.081081081,0.108108108,4,37,19.77309236
"Ladd, Grayson",D,Spitfires, 2017-18 Regular Season,29,0,0.060240964,0.060240964,5,83,17.0481419
"Martin, Ryan",D,Otters, 2017-18 Regular Season,53,0.01242236,0.068322981,0.080745342,13,161,18.66770964
"McEwan, James",C,Storm, 2017-18 Regular Season,64,0.061320755,0.103773585,0.16509434,35,212,21.01418833
"Starikov, Lev",D,Spitfires, 2017-18 Regular Season,65,0.024390244,0.03902439,0.063414634,13,205,17.5001967
"Bruder, Andrew",C,IceDogs, 2017-18 Regular Season,52,0.022857143,0.04,0.062857143,11,175,17.58594317
"Guest, Eric",C,Rangers, 2017-18 Regular Season,43,0.039735099,0.026490066,0.066225166,10,151,17.88630822
"Henderson, Braden",D,Sting, 2017-18 Regular Season,19,0,0.0625,0.0625,5,80,17.6291863
"Isaacson, Nick",LW,Petes, 2017-18 Regular Season,29,0.03125,0.041666667,0.072916667,7,96,18.47192517
"Sambrook, Jordan",D,Greyhounds, 2017-18 Regular Season,28,0.022556391,0.082706767,0.105263158,14,133,19.93628372
"Quinn, Jack",RW,67's, 2017-18 Regular Season,8,0,0.05,0.05,1,20,16.3135274
"Carroll, Noah",D,Greyhounds, 2017-18 Regular Season,64,0.02020202,0.097643098,0.117845118,35,297,20.29244811
"Mack, Joseph",C,Otters, 2017-18 Regular Season,51,0.037267081,0.031055901,0.068322981,11,161,18.19890778
"McCool, Hayden",LW,Generals, 2017-18 Regular Season,58,0.075,0.075,0.15,30,200,20.93615829
"Ross, Liam",D,Wolves, 2017-18 Regular Season,59,0.023809524,0.029761905,0.053571429,9,168,16.84864321
"Stevens, Liam",LW,Storm, 2017-18 Regular Season,4,0.071428571,0,0.071428571,1,14,18.44657534
"Poirier, Zach",RW,Storm, 2017-18 Regular Season,54,0.047619048,0.053571429,0.101190476,17,168,19.85528422
"Gross, Nico",D,Generals, 2017-18 Regular Season,57,0.020512821,0.046153846,0.066666667,13,195,18.14163773
"Machala, Ondrej",LW,IceDogs, 2017-18 Regular Season,17,0.019230769,0.057692308,0.076923077,4,52,18.83391097
"Rollo, Tyler",LW,Knights, 2017-18 Regular Season,58,0.043478261,0.086956522,0.130434783,27,207,20.63723834
"Brown, Aidan",RW,Colts, 2017-18 Regular Season,57,0.02892562,0.041322314,0.070247934,17,242,18.46290721
"Kislinger, Max",LW,Firebirds, 2017-18 Regular Season,58,0.049382716,0.055555556,0.104938272,17,162,20.10170304
"Fraser, Cole",D,Petes, 2017-18 Regular Season,50,0.01910828,0.050955414,0.070063694,11,157,18.57401585
"Guy, Brayden",LW,Sting, 2017-18 Regular Season,41,0.046511628,0.005813953,0.052325581,9,172,17.04228432
"Schlichting, Connor",D,Sting, 2017-18 Regular Season,66,0.020761246,0.114186851,0.134948097,39,289,20.83619327
"Badalamenti, Ben",RW,Spirit, 2017-18 Regular Season,34,0.041666667,0.020833333,0.0625,6,96,18.1007494
"Field, Sam",RW,Frontenacs, 2017-18 Regular Season,14,0.1,0,0.1,5,50,20.02963098
"Yule, Quinn",LW,67's, 2017-18 Regular Season,59,0.031413613,0.031413613,0.062827225,12,191,18.19734896
"Henderson, Jake",RW,Rangers, 2017-18 Regular Season,40,0.040816327,0.095238095,0.136054422,20,147,20.90737088
"Martin, Ian",RW,IceDogs, 2017-18 Regular Season,24,0.025641026,0.025641026,0.051282051,4,78,17.09837168
"Lyle, Brady",D,Battalion, 2017-18 Regular Season,9,0.064516129,0,0.064516129,2,31,18.36746575
"Forhan, Rhys",C,Battalion, 2017-18 Regular Season,37,0.00877193,0.052631579,0.061403509,7,114,18.16575565
"Wainman, Josh",D,Otters, 2017-18 Regular Season,67,0.018691589,0.056074766,0.074766355,16,214,19.07562646
"Canade, Nicholas",LW,Steelheads, 2017-18 Regular Season,63,0.025423729,0.033898305,0.059322034,14,236,18.03663932
"Kammerer, Colton",D,Sting, 2017-18 Regular Season,39,0.005617978,0.039325843,0.04494382,8,178,16.38497085
"Littlejohn, Ryan",LW,Firebirds, 2017-18 Regular Season,65,0.016304348,0.043478261,0.059782609,11,184,18.0999907
"Phibbs, Jack",LW,Firebirds, 2017-18 Regular Season,55,0.01986755,0.052980132,0.072847682,11,151,19.0405612
"Paquette, Jacob",D,Frontenacs, 2017-18 Regular Season,63,0.01843318,0.050691244,0.069124424,15,217,18.81862883
"Kohn, Mason",C,Generals, 2017-18 Regular Season,10,0.02173913,0.086956522,0.108695652,5,46,20.49033069
"Chibrikov, Igor",D,Attack, 2017-18 Regular Season,41,0.006097561,0.036585366,0.042682927,7,164,16.28297497
"Henderson, Eric",LW,Generals, 2017-18 Regular Season,65,0.025316456,0.063291139,0.088607595,21,237,19.90328158
"Stevenson, Keegan",C,Storm, 2017-18 Regular Season,61,0.024271845,0.024271845,0.048543689,10,206,17.21418833
"Bignell, Luke",C,Colts, 2017-18 Regular Season,56,0.029045643,0.020746888,0.049792531,12,241,17.37327436
"Osmanski, Austin",D,Petes, 2017-18 Regular Season,60,0.005128205,0.082051282,0.087179487,17,195,19.8891301
"Campbell, Chase",RW,Attack, 2017-18 Regular Season,57,0.0125,0.070833333,0.083333333,20,240,19.73531871
"Hotchkiss, Matt",LW,Frontenacs, 2017-18 Regular Season,49,0.070175439,0.023391813,0.093567251,16,171,20.11725896
"Henderson, Jake",RW,Battalion, 2017-18 Regular Season,27,0.086419753,0.049382716,0.135802469,11,81,21.09452598
"Friend, Jacob",D,Attack, 2017-18 Regular Season,61,0.01119403,0.100746269,0.111940299,30,268,20.64421116
"Wilson, Hudson",D,67's, 2017-18 Regular Season,65,0.009478673,0.056872038,0.066350711,14,211,18.87697069
"Egert, Curtis",LW,Sting, 2017-18 Regular Season,35,0.027586207,0.04137931,0.068965517,10,145,19.05912628
"Perrott, Andrew",D,Knights, 2017-18 Regular Season,61,0.019138756,0.023923445,0.043062201,9,209,16.56600546
"Hough, Cameron",LW,Sting, 2017-18 Regular Season,16,0.032258065,0.016129032,0.048387097,3,62,17.30779544
"Nelson, Josh",C,Knights, 2017-18 Regular Season,64,0.032407407,0.032407407,0.064814815,14,216,18.81258076
"Nichol, Ted",C,Frontenacs, 2017-18 Regular Season,68,0.029166667,0.1125,0.141666667,34,240,21.20766992
"Cascagnette, Jacob",LW,67's, 2017-18 Regular Season,30,0.054545455,0.072727273,0.127272727,14,110,20.9920392
"Calvas, Theo",D,Sting, 2017-18 Regular Season,67,0.010238908,0.068259386,0.078498294,23,293,19.6194665
"Golden, Jacob",D,Knights, 2017-18 Regular Season,62,0.00952381,0.057142857,0.066666667,14,210,18.99888217
"Turko, Alex",C,Knights, 2017-18 Regular Season,53,0.01744186,0.052325581,0.069767442,12,172,19.19614242
"O'Grady, Reagan",D,Steelheads, 2017-18 Regular Season,28,0.008849558,0.061946903,0.07079646,8,113,19.26403659
"Woolley, Mark",D,Storm, 2017-18 Regular Season,66,0.009009009,0.031531532,0.040540541,9,222,16.31007874
"Hill, Brock",D,Spirit, 2017-18 Regular Season,22,0,0.064935065,0.064935065,5,77,18.92458574
"Henderson, Braden",D,Battalion, 2017-18 Regular Season,26,0,0.050632911,0.050632911,4,79,17.84245805
"Osmanski, Austin",D,Steelheads, 2017-18 Regular Season,5,0,0.071428571,0.071428571,1,14,19.43818493
"Mattinen, Nicolas",D,Bulldogs, 2017-18 Regular Season,26,0.031578947,0.052631579,0.084210526,8,95,20.03973619
"Burnell, Owen",LW,Bulldogs, 2017-18 Regular Season,29,0.011764706,0.058823529,0.070588235,6,85,19.46509978
"Varga, Adam",RW,Steelheads, 2017-18 Regular Season,46,0.005882353,0.035294118,0.041176471,7,170,16.7845775
"Kozhevnikov, Kirill",LW,Spitfires, 2017-18 Regular Season,33,0.035087719,0.026315789,0.061403509,7,114,18.93403028
"DeMeo, Anthony",D,Greyhounds, 2017-18 Regular Season,66,0.003267974,0.055555556,0.058823529,18,306,18.74927978
"Lemcke, Justin",D,Bulldogs, 2017-18 Regular Season,59,0.04245283,0.080188679,0.122641509,26,212,21.08776728
"Serensits, Emmett",D,Wolves, 2017-18 Regular Season,61,0.011494253,0.040229885,0.051724138,9,174,18.19043711
"Duhart, Dalton",C,Knights, 2017-18 Regular Season,35,0.025641026,0.017094017,0.042735043,5,117,17.15212527
"Henry, Kurtis",D,Otters, 2017-18 Regular Season,44,0.006993007,0.041958042,0.048951049,7,143,17.92768122
"Doherty, Jackson",LW,Attack, 2017-18 Regular Season,53,0.031818182,0.013636364,0.045454545,10,220,17.57052751
"Shankar, Zach",D,Spitfires, 2017-18 Regular Season,28,0,0.120481928,0.120481928,10,83,21.13806452
"Duff, Jack",D,Otters, 2017-18 Regular Season,63,0.004950495,0.044554455,0.04950495,10,202,18.15233879
"York, Jack",D,Rangers, 2017-18 Regular Season,57,0.014492754,0.028985507,0.043478261,9,207,17.49845397
"Ennis, William",D,Generals, 2017-18 Regular Season,66,0.004166667,0.041666667,0.045833333,11,240,17.79643226
"Bruce, Riley",D,Battalion, 2017-18 Regular Season,66,0.024271845,0.072815534,0.097087379,20,206,20.67260817
"Fergus, TJ",D,Bulldogs, 2017-18 Regular Season,16,0.023809524,0.071428571,0.095238095,4,42,20.63908691
"Robinson, Cade",RW,Attack, 2017-18 Regular Season,27,0.016949153,0.033898305,0.050847458,6,118,18.39610639
"Larabie, Paul",C,Frontenacs, 2017-18 Regular Season,51,0,0.04787234,0.04787234,9,188,18.14001289
"Heitzner, Kyle",C,Colts, 2017-18 Regular Season,58,0.020491803,0.032786885,0.053278689,13,244,18.67469941
"Yantsis, Jonathan",RW,Rangers, 2017-18 Regular Season,58,0.023148148,0.032407407,0.055555556,12,216,18.89097359
"McEneny, Austin",D,Rangers, 2017-18 Regular Season,25,0.045977011,0.057471264,0.103448276,9,87,20.9402843
"Saban, Jesse",D,Battalion, 2017-18 Regular Season,67,0.014354067,0.100478469,0.114832536,24,209,21.17397803
"Timmermans, Aidan",D,Otters, 2017-18 Regular Season,38,0.00877193,0.035087719,0.043859649,5,114,17.89204911
"Siau, Levi",C,Wolves, 2017-18 Regular Season,9,0,0.037037037,0.037037037,1,27,16.91420163
"LeGuerrier, Jacob",D,Greyhounds, 2017-18 Regular Season,61,0,0.039426523,0.039426523,11,279,17.30195286
"Pringle, Justin",LW,Frontenacs, 2017-18 Regular Season,25,0.032967033,0.010989011,0.043956044,4,91,18.03232742
"Hunter, Drew",D,IceDogs, 2017-18 Regular Season,51,0.022222222,0.033333333,0.055555556,10,180,19.1165219
"Gretz, Marcus",D,Firebirds, 2017-18 Regular Season,45,0.008130081,0.024390244,0.032520325,4,123,16.32122776
"Bourque, Trenton",D,Attack, 2017-18 Regular Season,62,0,0.064638783,0.064638783,17,263,19.77304432
"Moro, Marino",LW,Attack, 2017-18 Regular Season,37,0.007246377,0.036231884,0.043478261,6,138,18.0991232
"Jacklin, Brett",RW,Greyhounds, 2017-18 Regular Season,48,0.019138756,0.023923445,0.043062201,9,209,18.05455232
"Brewer, Mitchell",D,Generals, 2017-18 Regular Season,59,0.008928571,0.026785714,0.035714286,8,224,16.99369254
"Grima, Nick",D,Sting, 2017-18 Regular Season,64,0.003533569,0.049469965,0.053003534,15,283,19.03588234
"Hall, Connor",D,Rangers, 2017-18 Regular Season,46,0,0.069620253,0.069620253,11,158,20.0535079
"Shankar, Zach",D,IceDogs, 2017-18 Regular Season,24,0.027027027,0.067567568,0.094594595,7,74,20.90858085
"Langdon, Kyle",C,IceDogs, 2017-18 Regular Season,56,0.014705882,0.044117647,0.058823529,12,204,19.56581205
"Wells, Ryan",D,Steelheads, 2017-18 Regular Season,23,0,0.045454545,0.045454545,4,88,18.58118128
"Parker-Jones, John",RW,Petes, 2017-18 Regular Season,41,0.015748031,0.023622047,0.039370079,5,127,17.91254384
"Brown, Patrick",RW,Battalion, 2017-18 Regular Season,52,0.012903226,0.025806452,0.038709677,6,155,17.99033439
"McNamara, Matt",D,Petes, 2017-18 Regular Season,49,0.006289308,0.031446541,0.037735849,6,159,17.85899306
"Hanley, Jack",D,Bulldogs, 2017-18 Regular Season,63,0.008658009,0.051948052,0.060606061,14,231,19.91374665
"Webb, Reilly",D,Spirit, 2017-18 Regular Season,29,0,0.045454545,0.045454545,3,66,18.87492656
"Ali, Conor",D,Frontenacs, 2017-18 Regular Season,60,0,0.046948357,0.046948357,10,213,19.03212067
"Jackson, Zachary",LW,Bulldogs, 2017-18 Regular Season,42,0.020689655,0.027586207,0.048275862,7,145,19.17477247
"Jakovljevic, Marko",D,Sting, 2017-18 Regular Season,27,0.008130081,0.024390244,0.032520325,4,123,17.26371014
"Babintsev, Gleb",D,Petes, 2017-18 Regular Season,64,0.004761905,0.033333333,0.038095238,8,210,18.19597942
"Beamish, Luke",D,Attack, 2017-18 Regular Season,23,0,0.033707865,0.033707865,3,89,17.54889872
"Stevenson, Thomas",D,Spitfires, 2017-18 Regular Season,66,0.014705882,0.024509804,0.039215686,8,204,18.42896382
"Beraldo, Adrien",D,Petes, 2017-18 Regular Season,51,0.01242236,0.02484472,0.037267081,6,161,18.18228067
"Fowler, Hayden",C,Greyhounds, 2017-18 Regular Season,33,0.013422819,0.013422819,0.026845638,4,149,16.28019807
"Cottam, Harrison",RW,Knights, 2017-18 Regular Season,41,0.020689655,0.020689655,0.04137931,6,145,18.72608331
"Black, Alex",D,Petes, 2017-18 Regular Season,65,0.009708738,0.058252427,0.067961165,14,206,20.51833465
"Kadlec, Adam",C,Spitfires, 2017-18 Regular Season,23,0,0.0375,0.0375,3,80,18.33676902
"Blaisdell, Doug",D,Wolves, 2017-18 Regular Season,54,0,0.08496732,0.08496732,13,153,21.07604039
"Losev, Seva",LW,67's, 2017-18 Regular Season,30,0.021978022,0.010989011,0.032967033,3,91,17.74888014
"Cameron, Christopher",D,Colts, 2017-18 Regular Season,63,0.007407407,0.033333333,0.040740741,11,270,18.80897642
"Davis, Cal",LW,Frontenacs, 2017-18 Regular Season,15,0.039215686,0,0.039215686,2,51,18.65255545
"Hatcher, Kelton",D,Sting, 2017-18 Regular Season,62,0,0.041198502,0.041198502,11,267,18.91767115
"Russell, Mitchell",C,Attack, 2017-18 Regular Season,59,0.012048193,0.016064257,0.02811245,7,249,17.03605797
"Mutter, Navrin",LW,Bulldogs, 2017-18 Regular Season,28,0.018518519,0.009259259,0.027777778,3,108,16.9985684
"Schaefer, Johnathon",D,IceDogs, 2017-18 Regular Season,53,0.005291005,0.047619048,0.052910053,10,189,19.95534703
"Garagan, Ben",C,Bulldogs, 2017-18 Regular Season,50,0.005208333,0.036458333,0.041666667,8,192,19.1985966
"Petizian, Mike",LW,Rangers, 2017-18 Regular Season,40,0.013605442,0.013605442,0.027210884,4,147,17.06605294
"Rowe, Lucas",C,Knights, 2017-18 Regular Season,25,0.0125,0.0125,0.025,2,80,16.5586868
"Laureigh, Bryan",LW,Frontenacs, 2017-18 Regular Season,57,0.015151515,0.015151515,0.03030303,6,198,17.7497726
"Vertiy, Daniil",LW,Attack, 2017-18 Regular Season,9,0,0.04,0.04,1,25,19.15604666
"Gentles, Kyle",D,Rangers, 2017-18 Regular Season,59,0.009478673,0.037914692,0.047393365,10,211,19.80327548
"Di Carlo, Alex",D,Generals, 2017-18 Regular Season,44,0.025316456,0.044303797,0.069620253,11,158,20.93174922
"Blacker, Ian",D,Generals, 2017-18 Regular Season,47,0.005952381,0.029761905,0.035714286,6,168,18.81013089
"Collins, Jacob",D,Firebirds, 2017-18 Regular Season,61,0.023809524,0.023809524,0.047619048,8,168,19.91574878
"Boomhower, Shaw",C,67's, 2017-18 Regular Season,13,0.02,0.02,0.04,2,50,19.36161775
"Walters, Connor",D,Bulldogs, 2017-18 Regular Season,56,0.014634146,0.048780488,0.063414634,13,205,20.78759568
"Lochead, William",D,IceDogs, 2017-18 Regular Season,55,0.02617801,0.020942408,0.047120419,9,191,19.95202187
"Murray, Jake",C,Bulldogs, 2017-18 Regular Season,30,0.00952381,0.019047619,0.028571429,3,105,17.85137843
"Eliot, Mitch",D,Sting, 2017-18 Regular Season,15,0.032786885,0.016393443,0.049180328,3,61,20.11535762
"Svoboda, Matyas",LW,Petes, 2017-18 Regular Season,34,0.017094017,0.017094017,0.034188034,4,117,19.01275088
"Nilsen, Hakon",D,Firebirds, 2017-18 Regular Season,61,0,0.046242775,0.046242775,8,173,20.1174883
"Hill, Mathew",D,Colts, 2017-18 Regular Season,30,0.007462687,0.014925373,0.02238806,3,134,16.86289142
"Collins, Shane",D,Knights, 2017-18 Regular Season,57,0.014705882,0.049019608,0.06372549,13,204,21.07559307
"Wale, Holden",D,Greyhounds, 2017-18 Regular Season,37,0.006060606,0.018181818,0.024242424,4,165,17.6325804
"Gaylor, Cameron",LW,Steelheads, 2017-18 Regular Season,42,0.020547945,0.006849315,0.02739726,4,146,18.27843008
"Cameron, Cole",D,Attack, 2017-18 Regular Season,66,0.003584229,0.035842294,0.039426523,11,279,19.86345528
"Byrne, Mitchell",D,Frontenacs, 2017-18 Regular Season,27,0.010416667,0.03125,0.041666667,4,96,20.04600503
"Shoemaker, Mark",D,Storm, 2017-18 Regular Season,66,0.00456621,0.04109589,0.0456621,10,219,20.47446231
"Allair, Eric",D,Battalion, 2017-18 Regular Season,13,0,0.025,0.025,1,40,18.34711045
"Fallowfield, Tim",D,Knights, 2017-18 Regular Season,43,0.013986014,0.013986014,0.027972028,4,143,19.07273933
"MacArthur, Tyler",D,Colts, 2017-18 Regular Season,5,0,0.04,0.04,1,25,20.38167808
"Coome, Riley",D,Knights, 2017-18 Regular Season,60,0,0.024875622,0.024875622,5,201,18.69991814
"Hogue, Alexandre",D,Sting, 2017-18 Regular Season,29,0,0.017857143,0.017857143,2,112,17.06836576
"Caron, Phil",D,Greyhounds, 2017-18 Regular Season,24,0,0.019607843,0.019607843,2,102,17.61788099
"McKinnon, Ian",C,Steelheads, 2017-18 Regular Season,41,0,0.034013605,0.034013605,5,147,20.00972153
"Byrne, Mitchell",D,Otters, 2017-18 Regular Season,21,0,0.030769231,0.030769231,2,65,19.85266342
"Peric, Lucas",D,67's, 2017-18 Regular Season,56,0.010869565,0.005434783,0.016304348,3,184,17.18929948
"Walker, Isaac",D,Steelheads, 2017-18 Regular Season,58,0,0.018518519,0.018518519,4,216,18.01198179
"Henault, Louka",D,Spitfires, 2017-18 Regular Season,41,0,0.015748031,0.015748031,2,127,17.10788139
"Pilon, Zack",D,Firebirds, 2017-18 Regular Season,43,0,0.015873016,0.015873016,2,126,17.29706714
"Trott, Zack",LW,Greyhounds, 2017-18 Regular Season,37,0.011627907,0.005813953,0.01744186,3,172,17.84766095
"Murray, Liam",D,Frontenacs, 2017-18 Regular Season,63,0.004587156,0.032110092,0.036697248,8,218,20.69749232
"McConville, Blake",RW,Wolves, 2017-18 Regular Season,45,0.008333333,0.008333333,0.016666667,2,120,17.93687868
"Gibson, Stephen",D,Steelheads, 2017-18 Regular Season,68,0.004016064,0.036144578,0.040160643,10,249,21.05033795
"Bappert, Tom",D,Spirit, 2017-18 Regular Season,16,0,0.020408163,0.020408163,1,49,19.10575687
"Ladd, Grayson",D,Rangers, 2017-18 Regular Season,22,0,0.012987013,0.012987013,1,77,16.85805247
"Alexandrov, Nikita",D,Firebirds, 2017-18 Regular Season,58,0.0125,0.00625,0.01875,3,160,18.82737107
"Hardy, Mason",D,Steelheads, 2017-18 Regular Season,32,0,0.015037594,0.015037594,2,133,17.9424166
"Rhodes, Sam",C,Colts, 2017-18 Regular Season,45,0.014778325,0,0.014778325,3,203,18.07597868
"Brand, Evan",D,Frontenacs, 2017-18 Regular Season,27,0,0.011627907,0.011627907,1,86,16.82547148
"Gardiner, Nolan",C,67's, 2017-18 Regular Season,18,0.01754386,0,0.01754386,1,57,19.20068324
"Allen, Sean",D,Generals, 2017-18 Regular Season,51,0,0.021052632,0.021052632,4,190,19.90791995
"Blaisdell, Doug",D,Rangers, 2017-18 Regular Season,11,0.027027027,0,0.027027027,1,37,20.65884257
"Resnick, Cole",LW,Generals, 2017-18 Regular Season,22,0,0.014925373,0.014925373,1,67,18.82338629
"Evans, Kurtis",C,Battalion, 2017-18 Regular Season,33,0.009708738,0,0.009708738,1,103,16.84349564
"Gordon, Emmett",D,Frontenacs, 2017-18 Regular Season,44,0,0.012048193,0.012048193,2,166,18.12963218
"Denault, Chad",RW,Petes, 2017-18 Regular Season,55,0,0.011299435,0.011299435,2,177,17.92200681
"Carbonara, Adrian",RW,IceDogs, 2017-18 Regular Season,32,0.00862069,0.017241379,0.025862069,3,116,21.01788767
"Martin, Calvin",LW,Greyhounds, 2017-18 Regular Season,19,0.011111111,0,0.011111111,1,90,18.24489436
"Rose, Simon",D,Battalion, 2017-18 Regular Season,38,0,0.00862069,0.00862069,1,116,16.9775795
"Webb, Reilly",D,Bulldogs, 2017-18 Regular Season,36,0.007692308,0,0.007692308,1,130,18.67705919
"Mizzi, Joseph",LW,Spitfires, 2017-18 Regular Season,4,0,0,0,0,13,19.47020548
"Peyton, Liam",LW,Rangers, 2017-18 Regular Season,3,0,0,0,0,9,17.50890411
"Kirwan, Luke",LW,Firebirds, 2017-18 Regular Season,2,0,0,0,0,8,20.01232877
"McKinnon, Ian",C,Knights, 2017-18 Regular Season,4,0,0,0,0,10,19.57842466
"McFarland, Aidan",LW,Steelheads, 2017-18 Regular Season,4,0,0,0,0,16,18.63321918
"Ball, Jacob",LW,Battalion, 2017-18 Regular Season,4,0,0,0,0,13,18.72020548
"Ali, Conor",D,Wolves, 2017-18 Regular Season,5,0,0,0,0,17,18.58082192
"Makkonen, Nolan",D,Wolves, 2017-18 Regular Season,5,0,0,0,0,17,18.66712329
"Sparkes, Sullivan",C,Generals, 2017-18 Regular Season,4,0,0,0,0,21,18.4140411
"Templeton, Stephen",D,Bulldogs, 2017-18 Regular Season,12,0,0,0,0,36,20.8278735
"Calisti, Robert",D,Greyhounds, 2017-18 Regular Season,6,0,0,0,0,19,16.70710616
"Phillips, Chet",D,Spirit, 2017-18 Regular Season,12,0,0,0,0,36,17.4416738
"Peterson, Alex",D,Rangers, 2017-18 Regular Season,7,0,0,0,0,25,18.68497432
"Valentini, Ryan",C,Wolves, 2017-18 Regular Season,1,0,0,0,0,5,20.21369863
"Robert, Alex",RW,Battalion, 2017-18 Regular Season,30,0,0,0,0,98,18.51508371
"Hadfield, Victor",D,Colts, 2017-18 Regular Season,27,0,0,0,0,124,17.49068577
"Titus, Matthew",RW,Steelheads, 2017-18 Regular Season,11,0,0,0,0,43,18.6332165
"Gordon, Matt",C,Rangers, 2017-18 Regular Season,5,0,0,0,0,15,16.8890411
"Smith, Ryan",C,IceDogs, 2017-18 Regular Season,1,0,0,0,0,5,18.3369863
"Aguanno, Anthony",D,Storm, 2017-18 Regular Season,7,0,0,0,0,20,16.88202055
"Van Den Hurk, Colin",D,Frontenacs, 2017-18 Regular Season,1,0,0,0,0,2,18.36164384
"Gravelle, Jake",D,Steelheads, 2017-18 Regular Season,8,0,0,0,0,29,17.68118579
"Gravelle, Jake",D,Bulldogs, 2017-18 Regular Season,1,0,0,0,0,5,17.88767123
"King, Nick",D,Attack, 2017-18 Regular Season,4,0,0,0,0,22,18.7630137
"Kadlec, Adam",C,Generals, 2017-18 Regular Season,2,0,0,0,0,8,18.12465753
"Hewitson, Mitchell",LW,Generals, 2017-18 Regular Season,26,0,0,0,0,71,17.77367155
"Vescio, Payton",D,Battalion, 2017-18 Regular Season,1,0,0,0,0,8,16.60273973
"Somerville, Andrew",D,Storm, 2017-18 Regular Season,5,0,0,0,0,20,18.43715753
"Busby, Dennis",D,Firebirds, 2017-18 Regular Season,2,0,0,0,0,2,17.82054795
"Snow, Zachary",D,Wolves, 2017-18 Regular Season,9,0,0,0,0,27,18.82561002
"Rupoli, Joseph",D,Generals, 2017-18 Regular Season,8,0,0,0,0,26,17.71804366
"D'Agostino, Dylan",LW,Bulldogs, 2017-18 Regular Season,2,0,0,0,0,9,17.49178082
"Mailhot, Travis",D,Battalion, 2017-18 Regular Season,30,0,0,0,0,92,18.16571952
"Supryka, Cameron",D,Petes, 2017-18 Regular Season,8,0,0,0,0,25,16.38805651
"Thompson, Will",D,Olympiques, 2017-18 Regular Season,1,0,0,0,0,4,20.4739726
"Charlebois, Mathieu",D,Olympiques, 2017-18 Regular Season,1,0,0,0,0,4,18.85205479
"Breton, Alex",D,Olympiques, 2017-18 Regular Season,2,0,0,0,0,4,20.50136986
"Lacombe, Pier-Olivier",D,Olympiques, 2017-18 Regular Season,2,0,0,0,0,4,18.44931507
"Shestopalov, Mikhail",LW,Olympiques, 2017-18 Regular Season,2,0,0,0,0,4,17.94246575
"Kielb, Darien",D,Olympiques, 2017-18 Regular Season,2,0,0,0,0,4,18.8
"Finoro, Giordano",C,Olympiques, 2017-18 Regular Season,2,0,0,0,0,4,19.63561644
"Landreville, Alexandre",C,Olympiques, 2017-18 Regular Season,2,0,0,0,0,4,20.69863014
"Gagnon, Anthony",RW,Olympiques, 2017-18 Regular Season,1,0,0,0,0,4,18.83013699
"Malo, Alec",LW,Olympiques, 2017-18 Regular Season,2,0,0,0,0,4,18.43287671
"Bilodeau, Gabriel",D,Olympiques, 2017-18 Regular Season,2,0,0,0,0,4,19.58630137
"Roelens, Metis",C,Olympiques, 2017-18 Regular Season,2,0,0,0,0,4,17.45479452
"Hatto, Samuel",RW,Olympiques, 2017-18 Regular Season,2,0,0,0,0,4,18.2
"Durocher, Jeffrey",LW,Olympiques, 2017-18 Regular Season,2,0,0,0,0,4,18.97534247
"Beauchamp, Anthony",RW,Olympiques, 2017-18 Regular Season,2,0,0,0,0,4,19.2
"Reesor, Ashton",D,Sting, 2017-18 Regular Season,1,0,0,0,0,7,16.99178082
"Nardi, Daniel",D,IceDogs, 2017-18 Regular Season,3,0,0,0,0,11,16.88493151
"Millman, Mason",D,Spirit, 2017-18 Regular Season,6,0,0,0,0,15,16.51806507
"Partridge, Jake",LW,Petes, 2017-18 Regular Season,4,0,0,0,0,15,16.89828767
"Fuoco, Gianluca",LW,Otters, 2017-18 Regular Season,1,0,0,0,0,2,19.18356164