"Lafrenière, Alexis",LW,Océanic, 2017-18 | Regular Season,46,0.190751445,0.184971098,0.375722543,65,173,16.42618508,1.091954677,0.410271988
"Comtois, Maxime",LW,Tigres, 2017-18 | Regular Season,17,0.264150943,0.264150943,0.528301887,28,53,19.01464455,0.676248085,0.357263139
"Boulianne, Mathieu",C,Wildcats, 2017-18 | Regular Season,1,0,0.333333333,0.333333333,1,3,16.61917808,1.06096,0.353653333
"Pelletier, Jakob",C,Wildcats, 2017-18 | Regular Season,46,0.12195122,0.18902439,0.31097561,51,164,16.7789448,1.035301465,0.321953504
"Abramov, Vitalii",C,Tigres, 2017-18 | Regular Season,12,0.175,0.375,0.55,22,40,19.68971533,0.567831719,0.312307445
"Zadina, Filip",RW,Mooseheads, 2017-18 | Regular Season,43,0.205714286,0.171428571,0.377142857,66,175,18.10710138,0.821999519,0.310011247
"Fortier, Gabriel",C,Drakkar, 2017-18 | Regular Season,21,0.163636364,0.181818182,0.345454545,19,55,17.76664853,0.876676246,0.302851794
"Veleno, Joe",C,Sea Dogs, 2017-18 | Regular Season,12,0,0.342857143,0.342857143,12,35,17.84130726,0.864686055,0.29646379
"Veleno, Joe",C,Voltigeurs, 2017-18 | Regular Season,24,0.126213592,0.213592233,0.339805825,35,103,18.10517951,0.822308171,0.279425107
"Budgell, Brett",LW,Islanders, 2017-18 | Regular Season,26,0.118421053,0.144736842,0.263157895,20,76,16.6921197,1.049245576,0.276117257
"Batherson, Drake",C,Screaming Eagles, 2017-18 | Regular Season,19,0.162162162,0.27027027,0.432432432,32,74,19.49527649,0.599058596,0.259052366
"Boudrias, Shawn",RW,Olympiques, 2017-18 | Regular Season,45,0.138888889,0.1875,0.326388889,47,144,18.31570298,0.788498101,0.257357019
"Joly, D'Artagnan",C,Drakkar, 2017-18 | Regular Season,15,0.12195122,0.243902439,0.365853659,15,41,18.85823105,0.701368093,0.256598083
"Abramov, Vitalii",C,Olympiques, 2017-18 | Regular Season,12,0.177777778,0.244444444,0.422222222,19,45,19.48646859,0.600473145,0.253533105
"Safin, Ostap",RW,Sea Dogs, 2017-18 | Regular Season,20,0.150943396,0.20754717,0.358490566,19,53,18.94685949,0.687134366,0.246331188
"Kotkov, Vladislav",RW,Saguenéens, 2017-18 | Regular Season,44,0.140495868,0.148760331,0.289256198,35,121,17.94964739,0.847286629,0.245082909
"Drozg, Jan",LW,Cataractes, 2017-18 | Regular Season,18,0.104166667,0.229166667,0.333333333,16,48,18.7567272,0.717669611,0.239223204
"MacDonald, Anderson",LW,Wildcats, 2017-18 | Regular Season,46,0.136054422,0.12244898,0.258503401,38,147,17.55339325,0.910925044,0.235477222
"McKenna, Jeremy",RW,Wildcats, 2017-18 | Regular Season,53,0.140449438,0.162921348,0.303370787,54,178,18.62371914,0.739030706,0.224200326
"Kosorenkov, Ivan",RW,Tigres, 2017-18 | Regular Season,18,0.232142857,0.196428571,0.428571429,24,56,19.97651524,0.521771653,0.223616423
"Salda, Radim",D,Sea Dogs, 2017-18 | Regular Season,21,0.053571429,0.267857143,0.321428571,18,56,18.92768239,0.690214208,0.221854567
"Gentile, Derek",RW,Islanders, 2017-18 | Regular Season,24,0.114285714,0.2,0.314285714,22,70,18.84006494,0.70428557,0.221346893
"Mizyurin, Maxim",C,Foreurs, 2017-18 | Regular Season,9,0.058823529,0.352941176,0.411764706,7,17,19.8864512,0.536235938,0.220803033
"Hardie, Daniel",LW,Sea Dogs, 2017-18 | Regular Season,13,0.157894737,0.210526316,0.368421053,14,38,19.50969472,0.596743027,0.219852694
"Lavoie, Raphaël",C,Mooseheads, 2017-18 | Regular Season,53,0.114678899,0.114678899,0.229357798,50,218,17.27409877,0.955779737,0.219215536
"Harvey-Pinard, Rafaël",LW,Huskies, 2017-18 | Regular Season,50,0.102857143,0.234285714,0.337142857,59,175,19.18100165,0.649531135,0.218984783
"Zavgorodniy, Dmitry",LW,Océanic, 2017-18 | Regular Season,48,0.134831461,0.095505618,0.230337079,41,178,17.33257358,0.946388683,0.217988404
"Kurashev, Philipp",C,Remparts, 2017-18 | Regular Season,45,0.086092715,0.178807947,0.264900662,40,151,18.29519951,0.791790959,0.209745949
"Khovanov, Alexander",C,Wildcats, 2017-18 | Regular Season,22,0.051282051,0.192307692,0.243589744,19,78,17.87109723,0.859901786,0.209463255
"Balmas, Mitchell",LW,Olympiques, 2017-18 | Regular Season,27,0.22826087,0.130434783,0.358695652,33,92,19.61291931,0.580165159,0.20810272
"Grouchy, Matthew",RW,Islanders, 2017-18 | Regular Season,25,0.095890411,0.150684932,0.246575342,18,73,18.0061938,0.838205276,0.206680753
"Dobson, Noah",D,Titan, 2017-18 | Regular Season,23,0.08,0.16,0.24,18,75,17.89933733,0.855366425,0.205287942
"Batherson, Drake",C,Armada, 2017-18 | Regular Season,9,0.142857143,0.228571429,0.371428571,13,35,19.79876926,0.550317656,0.204403701
"Beaudin, Nicolas",D,Voltigeurs, 2017-18 | Regular Season,50,0.044554455,0.212871287,0.257425743,52,202,18.30004882,0.79101216,0.203626893
"Kirwan, Luke",LW,Drakkar, 2017-18 | Regular Season,5,0,0.444444444,0.444444444,4,9,20.3765411,0.4575275,0.203345556
"Klima, Kevin",C,Saguenéens, 2017-18 | Regular Season,49,0.219858156,0.24822695,0.468085106,66,141,20.54419695,0.430601969,0.201558369
"Barré-Boulet, Alex",C,Armada, 2017-18 | Regular Season,19,0.230769231,0.246153846,0.476923077,31,65,20.62880253,0.417014313,0.198883749
"Corbeil, Pascal",D,Armada, 2017-18 | Regular Season,11,0.029411765,0.352941176,0.382352941,13,34,19.98942637,0.519698125,0.198708107
"Grégoire, Thomas",D,Phoenix, 2017-18 | Regular Season,19,0.055555556,0.277777778,0.333333333,18,54,19.51472534,0.595935111,0.198645037
"Kalmikov, Brooklyn",LW,Screaming Eagles, 2017-18 | Regular Season,46,0.093023256,0.093023256,0.186046512,32,172,16.61170083,1.062160847,0.19761132
"Nadeau, Mathieu",RW,Foreurs, 2017-18 | Regular Season,7,0.133333333,0.4,0.533333333,8,15,20.91994863,0.37025625,0.19747
"Bibeau, Félix",C,Huskies, 2017-18 | Regular Season,43,0.116883117,0.168831169,0.285714286,44,154,18.94955431,0.686701579,0.196200451
"Morin, Anthony",C,Armada, 2017-18 | Regular Season,1,0.25,0,0.25,1,4,18.35068493,0.78288,0.19572
"Martel, Jordan",LW,Drakkar, 2017-18 | Regular Season,21,0.218181818,0.127272727,0.345454545,19,55,19.71733346,0.563396246,0.194627794
"Francis, Ryan",RW,Screaming Eagles, 2017-18 | Regular Season,48,0.051724138,0.120689655,0.172413793,30,174,16.20404177,1.127630892,0.194419119
"Frattaroli, Brandon",D,Olympiques, 2017-18 | Regular Season,5,0,0.214285714,0.214285714,3,14,17.62825342,0.8989025,0.192621964
"Zachar, Marek",LW,Phoenix, 2017-18 | Regular Season,15,0.217391304,0.108695652,0.326086957,15,46,19.55375609,0.589666772,0.192282643
"Lafrance, Simon",C,Foreurs, 2017-18 | Regular Season,10,0.083333333,0.208333333,0.291666667,7,24,19.12190711,0.659021719,0.192214668
"Chekhovich, Ivan",LW,Drakkar, 2017-18 | Regular Season,21,0.163636364,0.109090909,0.272727273,15,55,18.85705949,0.701556246,0.191333522
"Imbeault, Anthony",LW,Cataractes, 2017-18 | Regular Season,6,0.066666667,0.133333333,0.2,3,15,17.28886986,0.9534075,0.1906815
"Somppi, Otto",C,Mooseheads, 2017-18 | Regular Season,46,0.111111111,0.252525253,0.363636364,72,198,19.98148713,0.520973167,0.189444788
"Gentile, Derek",RW,Remparts, 2017-18 | Regular Season,27,0.126436782,0.126436782,0.252873563,22,87,18.65362704,0.734227497,0.185666723
"Sokolov, Egor",RW,Screaming Eagles, 2017-18 | Regular Season,50,0.107344633,0.096045198,0.203389831,36,177,17.61829664,0.90050156,0.18315286
"Simoneau, Xavier",C,Voltigeurs, 2017-18 | Regular Season,45,0.07027027,0.102702703,0.172972973,32,185,16.68361046,1.05061216,0.181727509
"Noël, David",D,Foreurs, 2017-18 | Regular Season,21,0.142857143,0.114285714,0.257142857,9,35,18.86250327,0.700681975,0.180175365
"Groulx, Benoit-Olivier",LW,Mooseheads, 2017-18 | Regular Season,53,0.114678899,0.096330275,0.211009174,46,218,17.90971521,0.853699737,0.180138477
"Cyr, Mika",C,Wildcats, 2017-18 | Regular Season,35,0.131147541,0.098360656,0.229508197,28,122,18.34802828,0.783306658,0.179775298
"Campbell, Isiah",LW,Screaming Eagles, 2017-18 | Regular Season,22,0.086419753,0.098765432,0.185185185,15,81,17.20463509,0.966935604,0.179062149
"McIsaac, Jared",D,Mooseheads, 2017-18 | Regular Season,50,0.038834951,0.165048544,0.203883495,42,206,17.77266244,0.875710412,0.1785429
"Paré, Cédric",C,Sea Dogs, 2017-18 | Regular Season,22,0.155172414,0.103448276,0.25862069,15,58,18.93644394,0.688807104,0.178139768
"Michel, Jérémy",LW,Foreurs, 2017-18 | Regular Season,19,0.028571429,0.142857143,0.171428571,6,35,16.76987609,1.0367579,0.177729926
"Rippon, Merrick",D,67's, 2017-18 | Regular Season,1,0,0.2,0.2,1,5,17.72328767,0.88364,0.176728
"Beaucage, Alex",RW,Huskies, 2017-18 | Regular Season,39,0.068181818,0.098484848,0.166666667,22,132,16.63031661,1.059171153,0.176528526
"Clarke, Graeme",RW,67's, 2017-18 | Regular Season,2,0,0.166666667,0.166666667,1,6,16.72328767,1.04424,0.17404
"Demers, Antoine",C,Cataractes, 2017-18 | Regular Season,19,0.08,0.16,0.24,12,50,18.72111204,0.723389406,0.173613458
"Ashe, Thomas",D,Sea Dogs, 2017-18 | Regular Season,1,0.2,0,0.2,1,5,17.84383562,0.86428,0.172856
"Morand, Antoine",C,Titan, 2017-18 | Regular Season,23,0.093333333,0.146666667,0.24,18,75,18.78426884,0.713246425,0.171179142
"Houde, Samuel",LW,Saguenéens, 2017-18 | Regular Season,40,0.110091743,0.091743119,0.201834862,22,109,17.95406907,0.846576507,0.170868653
"Laferrière, Mathias",C,Screaming Eagles, 2017-18 | Regular Season,53,0.0625,0.125,0.1875,36,192,17.56350212,0.90930156,0.170494043
"Martin, Calvin",C,Foreurs, 2017-18 | Regular Season,10,0,0.222222222,0.222222222,2,9,18.44862479,0.767150859,0.170477969
"Abbandonato, Peter",C,Huskies, 2017-18 | Regular Season,50,0.114285714,0.211428571,0.325714286,57,175,19.96730302,0.523251135,0.17043037
"Robert, Félix",C,Phoenix, 2017-18 | Regular Season,18,0.018518519,0.203703704,0.222222222,12,54,18.48595752,0.761155222,0.169145605
"Sévigny, Mathieu",LW,Tigres, 2017-18 | Regular Season,13,0.131578947,0.184210526,0.315789474,12,38,19.89561416,0.534764365,0.168872957
"Miller, Shaun",RW,Armada, 2017-18 | Regular Season,5,0,0.222222222,0.222222222,4,18,18.54417808,0.751805,0.167067778
"Cormier, Dominic",LW,Tigres, 2017-18 | Regular Season,10,0.048780488,0.170731707,0.219512195,9,41,18.52336794,0.755147109,0.165764
"Joseph, Pierre-Olivier",D,Islanders, 2017-18 | Regular Season,49,0.062068966,0.15862069,0.220689655,32,145,18.59993239,0.742850859,0.1639395
"Cheezo, Adam",RW,Foreurs, 2017-18 | Regular Season,16,0.111111111,0.148148148,0.259259259,7,27,19.29707374,0.630889957,0.163564063
"Alexeyev, Yaroslav",RW,Phoenix, 2017-18 | Regular Season,18,0.1,0.14,0.24,12,50,19.00495367,0.67780444,0.162673066
"Boucher, Matthew",LW,Remparts, 2017-18 | Regular Season,50,0.146341463,0.182926829,0.329268293,54,164,20.15383033,0.493294849,0.162426353
"Trépanier, Maxim",LW,Olympiques, 2017-18 | Regular Season,13,0.111111111,0.111111111,0.222222222,6,27,18.74842613,0.719002764,0.159778392
"Trépanier, Maxim",LW,Océanic, 2017-18 | Regular Season,24,0.065789474,0.144736842,0.210526316,16,76,18.51288327,0.756830947,0.159332831
"Senez, Vincent",RW,Cataractes, 2017-18 | Regular Season,14,0.075,0.175,0.25,10,40,19.30906665,0.628963896,0.157240974
"Asselin, Samuel",C,Cataractes, 2017-18 | Regular Season,12,0.09375,0.15625,0.25,8,32,19.33836419,0.624258711,0.156064678
"Boudrias, Karl",D,Foreurs, 2017-18 | Regular Season,11,0.181818182,0,0.181818182,2,11,17.90502729,0.854452617,0.155355021
"Meunier, Félix",LW,Titan, 2017-18 | Regular Season,4,0,0.2,0.2,2,10,18.39075342,0.776445,0.155289
"D'Astous, Charle-Edouard",D,Océanic, 2017-18 | Regular Season,43,0.096153846,0.173076923,0.269230769,42,156,19.64216158,0.575468851,0.154933921
"Tessier, Julien",C,Wildcats, 2017-18 | Regular Season,29,0.086021505,0.182795699,0.268817204,25,93,19.65688251,0.57310467,0.154060395
"MacIntosh, Aiden",C,Sea Dogs, 2017-18 | Regular Season,8,0.1,0.05,0.15,3,20,16.89096747,1.017310625,0.152596594
"Marcotty, Félix-Antoine",RW,Saguenéens, 2017-18 | Regular Season,44,0.053030303,0.098484848,0.151515152,20,132,16.9932261,1.000887889,0.15164968
"Fortier, Maxime",RW,Mooseheads, 2017-18 | Regular Season,47,0.130208333,0.171875,0.302083333,58,192,20.11248598,0.499934751,0.151021956
"Guay, Nicolas",C,Voltigeurs, 2017-18 | Regular Season,50,0.108910891,0.094059406,0.202970297,41,202,18.60415841,0.74217216,0.150638904
"Lavigne, Zachary",LW,Saguenéens, 2017-18 | Regular Season,33,0.108910891,0.118811881,0.227722772,23,101,19.1128928,0.660469417,0.150403927
"Phelan, James",C,Tigres, 2017-18 | Regular Season,11,0.117647059,0.264705882,0.382352941,13,34,20.79342359,0.390576172,0.149337948
"Poulin, Nicolas",LW,Phoenix, 2017-18 | Regular Season,17,0.169811321,0.169811321,0.339622642,18,53,20.50547669,0.436820443,0.148354113
"Lynch, Robert",RW,Voltigeurs, 2017-18 | Regular Season,49,0.101522843,0.152284264,0.253807107,50,197,19.60963584,0.580692484,0.147383879
"Denis, Gabriel",C,Cataractes, 2017-18 | Regular Season,18,0.042553191,0.106382979,0.14893617,7,47,17.15395888,0.975074203,0.145223818
"Henman, Luke",C,Armada, 2017-18 | Regular Season,18,0.064516129,0.096774194,0.161290323,10,62,17.6859709,0.889633073,0.143489205
"Crossman, Ethan",LW,Titan, 2017-18 | Regular Season,21,0.067567568,0.135135135,0.202702703,15,74,18.82333237,0.706972822,0.143305302
"Glotov, Vasily",C,Cataractes, 2017-18 | Regular Season,18,0.224489796,0.081632653,0.306122449,15,49,20.32936288,0.465104321,0.142378874
"Hinam, Tyler",RW,Huskies, 2017-18 | Regular Season,42,0.055172414,0.144827586,0.2,29,145,18.7941121,0.711665597,0.142333119
"Balmas, Mitchell",LW,Titan, 2017-18 | Regular Season,13,0.102040816,0.163265306,0.265306122,13,49,19.88750535,0.536066641,0.142221762
"MacLeod, Gregor",C,Remparts, 2017-18 | Regular Season,23,0.115384615,0.141025641,0.256410256,20,78,19.77225847,0.55457529,0.142198792
"Cormier, Dominic",LW,Océanic, 2017-18 | Regular Season,32,0.04,0.14,0.18,18,100,18.32844061,0.786452438,0.141561439
"Vesterinen, Saku",D,Islanders, 2017-18 | Regular Season,48,0.04379562,0.160583942,0.204379562,28,137,18.92369095,0.690855234,0.14119669
"Getson, Keith",C,Islanders, 2017-18 | Regular Season,53,0.116883117,0.142857143,0.25974026,40,154,19.84448674,0.542975429,0.141032579
"Cyr, William",D,Huskies, 2017-18 | Regular Season,48,0.054545455,0.145454545,0.2,33,165,18.8520718,0.70235727,0.140471454
"Desruisseaux, Cédric",LW,Voltigeurs, 2017-18 | Regular Season,46,0.079365079,0.084656085,0.164021164,31,189,17.89438261,0.856162153,0.140428713
"Daneau, Zackary",C,Cataractes, 2017-18 | Regular Season,2,0.142857143,0,0.142857143,1,7,17.11917808,0.98066,0.140094286
"Ouellet, Nicolas",LW,Foreurs, 2017-18 | Regular Season,15,0.068965517,0.137931034,0.206896552,6,29,19.0243945,0.674682244,0.13958943
"Kozlov, Ivan",LW,Foreurs, 2017-18 | Regular Season,21,0.171428571,0.028571429,0.2,7,35,18.90359916,0.694081975,0.138816395
"Askew, Cameron",RW,Cataractes, 2017-18 | Regular Season,9,0.125,0.1875,0.3125,5,16,20.47401541,0.441873125,0.138085352
"Durandeau, Arnaud",LW,Mooseheads, 2017-18 | Regular Season,53,0.064220183,0.137614679,0.201834862,44,218,18.97272891,0.682979737,0.137849121
"Voyer, Alex-Olivier",RW,Océanic, 2017-18 | Regular Season,43,0.071428571,0.116883117,0.188311688,29,154,18.67229968,0.731228671,0.137698906
"Mikhnin, Denis",RW,Océanic, 2017-18 | Regular Season,49,0.068965517,0.109195402,0.17816092,31,174,18.42024319,0.771708944,0.137488375
"Boulianne, Mathieu",C,Cataractes, 2017-18 | Regular Season,5,0.066666667,0.066666667,0.133333333,2,15,16.83784247,1.0258425,0.136779
"Hrehorcak, Patrik",RW,Huskies, 2017-18 | Regular Season,47,0.086956522,0.111801242,0.198757764,32,161,18.9864801,0.680771296,0.135308581
"Alain, Alexandre",RW,Armada, 2017-18 | Regular Season,19,0.184615385,0.169230769,0.353846154,23,65,20.84524089,0.382254313,0.135259219
"Mercer, Dawson",RW,Voltigeurs, 2017-18 | Regular Season,45,0.059782609,0.059782609,0.119565217,22,184,16.24251457,1.12145216,0.134086671
"Theede, Dawson",C,Olympiques, 2017-18 | Regular Season,12,0.205882353,0.147058824,0.352941176,12,34,20.87061082,0.378179902,0.13347526
"Diotte, Jérémy",D,Saguenéens, 2017-18 | Regular Season,49,0.007092199,0.170212766,0.177304965,25,141,18.5387175,0.752681969,0.13345425
"Laberge, Pascal",C,Remparts, 2017-18 | Regular Season,25,0.1,0.15,0.25,20,80,19.90975922,0.53249267,0.133123167
"Lafrance, Simon",C,Tigres, 2017-18 | Regular Season,9,0.090909091,0.121212121,0.212121212,7,33,19.3270762,0.626071563,0.132803059
"Poirier, William",RW,Sea Dogs, 2017-18 | Regular Season,23,0.081967213,0.081967213,0.163934426,10,61,18.20520827,0.806243552,0.132171074
"Poulin, Samuel",LW,Phoenix, 2017-18 | Regular Season,15,0.065217391,0.065217391,0.130434783,6,46,16.92195493,1.012334038,0.13204357
"MacLeod, Gregor",C,Islanders, 2017-18 | Regular Season,19,0.09375,0.125,0.21875,14,64,19.50662509,0.59723601,0.130645377
"Hudgin, Nathan",LW,Foreurs, 2017-18 | Regular Season,10,0.090909091,0.181818182,0.272727273,3,11,20.24464362,0.478710234,0.130557337
"Dove-McFalls, Samuel",C,Océanic, 2017-18 | Regular Season,49,0.102150538,0.215053763,0.317204301,59,186,20.6722997,0.410028669,0.130062857
"Garneau, Olivier",LW,Remparts, 2017-18 | Regular Season,50,0.097560976,0.12195122,0.219512195,36,164,19.56181473,0.588372554,0.129154951
"Galipeau, Olivier",D,Titan, 2017-18 | Regular Season,12,0.106382979,0.212765957,0.319148936,15,47,20.71228596,0.403606875,0.128810705
"Barron, Justin",D,Mooseheads, 2017-18 | Regular Season,39,0.011904762,0.101190476,0.113095238,19,168,16.14859074,1.136536327,0.128536847
"Drew, Hunter",D,Islanders, 2017-18 | Regular Season,50,0.041958042,0.160839161,0.202797203,29,143,19.28010307,0.633615447,0.12849544
"Alexandrov, Nikita",C,Islanders, 2017-18 | Regular Season,51,0.040816327,0.095238095,0.136054422,20,147,17.37325386,0.939855429,0.127871487
"Huntley, Christian",D,Remparts, 2017-18 | Regular Season,45,0.04109589,0.143835616,0.184931507,27,146,18.95466576,0.685880679,0.126840948
"Burt, Robbie",LW,Sea Dogs, 2017-18 | Regular Season,19,0.134615385,0.038461538,0.173076923,9,52,18.66533299,0.732347521,0.126752456
"Phelan, James",C,Wildcats, 2017-18 | Regular Season,22,0.207792208,0.155844156,0.363636364,28,77,21.05759997,0.348149445,0.126599798
"Laberge, Pascal",C,Tigres, 2017-18 | Regular Season,8,0.043478261,0.173913043,0.217391304,5,23,19.62677654,0.577939688,0.125639063
"Sibley, Brendan",D,Sea Dogs, 2017-18 | Regular Season,11,0.04,0.08,0.12,3,25,16.71368258,1.045782578,0.125493909
"Bizier, Mathieu",C,Océanic, 2017-18 | Regular Season,49,0.050847458,0.06779661,0.118644068,21,177,16.66512183,1.053581434,0.125001187
"Tardif, Benjamin",LW,Phoenix, 2017-18 | Regular Season,19,0.055555556,0.092592593,0.148148148,8,54,17.98595821,0.841455111,0.124660016
"Bernard, Xavier",D,Voltigeurs, 2017-18 | Regular Season,49,0.044776119,0.104477612,0.149253731,30,201,18.05073375,0.83105216,0.124037636
"Green, Luke",D,Phoenix, 2017-18 | Regular Season,3,0.125,0.125,0.25,2,8,20.13972603,0.49556,0.12389
"Bergeron, Justin",D,Huskies, 2017-18 | Regular Season,49,0.040935673,0.093567251,0.134502924,23,171,17.49059069,0.921011135,0.123878691
"Miller, Shaun",RW,Screaming Eagles, 2017-18 | Regular Season,23,0.036585366,0.134146341,0.170731707,14,82,18.71516004,0.724345297,0.123668709
"Marsh, Adam",LW,Islanders, 2017-18 | Regular Season,15,0.075,0.175,0.25,10,40,20.15233974,0.493534238,0.12338356
"Sandilands, Roddie",D,Cataractes, 2017-18 | Regular Season,5,0,0.166666667,0.166666667,2,12,18.61934932,0.7397325,0.12328875
"Galipeau, Olivier",D,Saguenéens, 2017-18 | Regular Season,26,0.076923077,0.205128205,0.282051282,22,78,20.5070688,0.436564751,0.123133648
"Shestopalov, Mikhail",LW,Olympiques, 2017-18 | Regular Season,45,0.043165468,0.100719424,0.143884892,20,139,17.95145576,0.846996205,0.121869958
"Higgins, Tyler",D,Foreurs, 2017-18 | Regular Season,6,0,0.1875,0.1875,3,16,19.23767123,0.64043,0.120080625
"Koltygin, Pavel",LW,Voltigeurs, 2017-18 | Regular Season,47,0.062827225,0.109947644,0.172774869,33,191,18.9338425,0.689224895,0.119080741
"Rubtsov, German",C,Titan, 2017-18 | Regular Season,15,0.1,0.1,0.2,10,50,19.5342755,0.592795354,0.118559071
"Tessier, Julien",C,Foreurs, 2017-18 | Regular Season,10,0.222222222,0,0.222222222,2,9,19.90889876,0.532630859,0.118362413
"McCormick, Adam",D,Screaming Eagles, 2017-18 | Regular Season,53,0.026041667,0.104166667,0.130208333,25,192,17.56898156,0.908421561,0.118284057
"Capannelli, Adam",C,Wildcats, 2017-18 | Regular Season,31,0.019417476,0.145631068,0.165048544,17,103,18.77879436,0.714125625,0.117865394
"MacKinnon, Carson",LW,Océanic, 2017-18 | Regular Season,51,0.048387097,0.102150538,0.150537634,28,186,18.35997093,0.781388669,0.117628402
"Ethier, Thomas",LW,Armada, 2017-18 | Regular Season,21,0.093333333,0.053333333,0.146666667,11,75,18.23416178,0.801593617,0.117567064
"Martineau, Phélix",C,Screaming Eagles, 2017-18 | Regular Season,54,0.133333333,0.148717949,0.282051282,55,195,20.63199527,0.41650156,0.117474799
"Rubtsov, German",C,Saguenéens, 2017-18 | Regular Season,7,0,0.1875,0.1875,3,16,19.33424658,0.62492,0.1171725
"Asselin, Samuel",C,Titan, 2017-18 | Regular Season,5,0.05,0.15,0.2,4,20,19.57910959,0.585595,0.117119
"Maher, Jordan",RW,Titan, 2017-18 | Regular Season,22,0.097222222,0.111111111,0.208333333,15,72,19.72673515,0.561886335,0.117059653
"Sutton, Jesse",C,Remparts, 2017-18 | Regular Season,51,0.090361446,0.126506024,0.21686747,36,166,19.87711884,0.537734715,0.116617167
"Truchon-Viel, Jeffrey",LW,Titan, 2017-18 | Regular Season,21,0.173913043,0.130434783,0.304347826,21,69,20.84121989,0.382900086,0.116534809
"Finoro, Giordano",C,Olympiques, 2017-18 | Regular Season,42,0.097902098,0.104895105,0.202797203,29,143,19.65438029,0.573506526,0.116305519
"Hardie, Daniel",LW,Islanders, 2017-18 | Regular Season,25,0.094594595,0.108108108,0.202702703,15,74,19.66746218,0.571405574,0.115825454
"Durocher, Jeffrey",LW,Olympiques, 2017-18 | Regular Season,48,0.045751634,0.124183007,0.169934641,26,153,18.98419251,0.681138682,0.115749057
"Ducharme, Justin",RW,Titan, 2017-18 | Regular Season,17,0.056603774,0.075471698,0.132075472,7,53,17.76901433,0.876296298,0.115737247
"Boucher, Anthony",C,Sea Dogs, 2017-18 | Regular Season,23,0.032786885,0.163934426,0.196721311,12,61,19.59150964,0.583603552,0.114807256
"Welsh, Nicholas",D,Wildcats, 2017-18 | Regular Season,53,0.04494382,0.224719101,0.269662921,48,178,20.5771438,0.425310706,0.114690527
"Boucher, Mathieu",LW,Huskies, 2017-18 | Regular Season,49,0.158823529,0.147058824,0.305882353,52,170,20.89077043,0.37494227,0.114688224
"Teasdale, Joël",LW,Armada, 2017-18 | Regular Season,18,0.096774194,0.064516129,0.161290323,10,62,18.82249848,0.707106744,0.114049475
"Element, Shawn",RW,Drakkar, 2017-18 | Regular Season,19,0.083333333,0.041666667,0.125,6,48,17.56277883,0.90941772,0.113677215
"Chainey, Jocktan",D,Mooseheads, 2017-18 | Regular Season,51,0.028708134,0.114832536,0.14354067,30,209,18.32341384,0.787259737,0.11300379
"Gagnon, Anthony",RW,Océanic, 2017-18 | Regular Season,24,0.059405941,0.108910891,0.168316832,17,101,19.061807,0.668673795,0.112549055
"Seitz, Dylan",LW,Wildcats, 2017-18 | Regular Season,45,0.080536913,0.080536913,0.161073826,24,149,18.8887054,0.696473912,0.112183717
"Gagné, Benjamin",D,Remparts, 2017-18 | Regular Season,49,0.049079755,0.128834356,0.17791411,29,163,19.3072544,0.629254944,0.111953334
"Kirwan, Luke",LW,Remparts, 2017-18 | Regular Season,20,0.15,0.083333333,0.233333333,14,60,20.24027116,0.479412452,0.111862905
"Parent, Xavier",C,Mooseheads, 2017-18 | Regular Season,48,0.044334975,0.064039409,0.108374384,22,203,16.80778659,1.030669474,0.11169817
"Bramwell, Connor",LW,Voltigeurs, 2017-18 | Regular Season,34,0.092198582,0.156028369,0.24822695,35,141,20.43703438,0.447812278,0.111159076
"Lalonde, Bradley",D,Drakkar, 2017-18 | Regular Season,18,0.039215686,0.196078431,0.235294118,12,51,20.28434149,0.472334756,0.11113759
"Nadeau, Mathieu",RW,Océanic, 2017-18 | Regular Season,26,0.121495327,0.214953271,0.336448598,36,107,21.19826398,0.325558805,0.109533804
"Ryczek, Jake",D,Mooseheads, 2017-18 | Regular Season,27,0.051282051,0.153846154,0.205128205,24,117,19.91642037,0.531422889,0.109009823
"Aucoin, Yan",D,Drakkar, 2017-18 | Regular Season,20,0.019607843,0.117647059,0.137254902,7,51,18.28445748,0.793516129,0.108913979
"Couture, Alexandre",RW,Foreurs, 2017-18 | Regular Season,20,0,0.125,0.125,4,32,17.82690682,0.866998765,0.108374846
"L'Italien, Samuel",C,Titan, 2017-18 | Regular Season,23,0.08,0.106666667,0.186666667,14,75,19.63632363,0.576406425,0.107595866
"Katerinakis, Alexander",RW,Armada, 2017-18 | Regular Season,17,0.06779661,0.118644068,0.186440678,11,59,19.67022404,0.570962019,0.106450546
"St-Laurent, Edouard",C,Drakkar, 2017-18 | Regular Season,20,0.039215686,0.078431373,0.117647059,6,51,17.60764155,0.902212766,0.106142678
"Bertrand, Yannik",LW,Océanic, 2017-18 | Regular Season,16,0.111111111,0.092592593,0.203703704,11,54,20.02356459,0.514215527,0.104747607
"MacKinnon, Evan",C,Phoenix, 2017-18 | Regular Season,17,0.073170732,0.048780488,0.12195122,5,41,17.88189137,0.858168246,0.104654664
"Aquin, Pascal",LW,Islanders, 2017-18 | Regular Season,45,0.151079137,0.09352518,0.244604317,34,139,20.56441276,0.42735531,0.104532954
"Bilodeau, Gabriel",D,Olympiques, 2017-18 | Regular Season,48,0.038216561,0.140127389,0.178343949,28,157,19.59515504,0.583018101,0.10397775
"Proulx, Gabriel",RW,Screaming Eagles, 2017-18 | Regular Season,45,0.025477707,0.121019108,0.146496815,23,157,18.82775463,0.706262607,0.103465223
"Légaré, Nathan",RW,Drakkar, 2017-18 | Regular Season,17,0.05,0.05,0.1,4,40,16.83557158,1.026207204,0.10262072
"Dion, Yan",LW,Foreurs, 2017-18 | Regular Season,18,0.090909091,0.090909091,0.181818182,6,33,19.73375903,0.5607583,0.101956055
"Beaudoin, Tommy",RW,Huskies, 2017-18 | Regular Season,48,0.089820359,0.05988024,0.149700599,25,167,18.99470028,0.679451135,0.101714242
"Hoyt, Peyton",RW,Screaming Eagles, 2017-18 | Regular Season,43,0.111888112,0.034965035,0.146853147,21,143,18.91965002,0.691504207,0.101549569
"Desgagnés, Mathieu",LW,Saguenéens, 2017-18 | Regular Season,31,0.069767442,0.046511628,0.11627907,10,86,17.79929824,0.871432702,0.101329384
"Dubois-Tiberghen, Simon",D,Cataractes, 2017-18 | Regular Season,14,0.023255814,0.093023256,0.11627907,5,43,17.80581322,0.870386396,0.101207721
"Després, Hugo",C,Huskies, 2017-18 | Regular Season,23,0.060240964,0.072289157,0.13253012,11,83,18.50716944,0.757748587,0.100424512
"Paré, Justin",C,Océanic, 2017-18 | Regular Season,4,0.090909091,0.090909091,0.181818182,2,11,19.79760274,0.550505,0.100091818
"Coxhead, Andrew",C,Remparts, 2017-18 | Regular Season,51,0.054216867,0.060240964,0.114457831,19,166,17.83602295,0.865534715,0.099067226
"McQuaid, Chris",D,Olympiques, 2017-18 | Regular Season,24,0.014925373,0.104477612,0.119402985,8,67,18.103095,0.822642943,0.098226023
"Reeves, Lucas",LW,Olympiques, 2017-18 | Regular Season,3,0,0.1,0.1,1,10,17.15342466,0.97516,0.097516
"Miromanov, Daniil",D,Wildcats, 2017-18 | Regular Season,29,0.06122449,0.163265306,0.224489796,22,98,20.52912361,0.433022748,0.097209188
"Gursoy, Kevin",LW,Sea Dogs, 2017-18 | Regular Season,18,0.085106383,0.042553191,0.127659574,6,47,18.48993969,0.760515685,0.097087109
"Smith, Declan",C,Screaming Eagles, 2017-18 | Regular Season,51,0.080213904,0.090909091,0.171122995,32,187,19.70593751,0.565226436,0.09672324
"Bouchard, Xavier",D,Drakkar, 2017-18 | Regular Season,21,0,0.109090909,0.109090909,6,55,17.70637456,0.886356246,0.096693409
"Girard, Alexis",D,Sea Dogs, 2017-18 | Regular Season,22,0.033333333,0.083333333,0.116666667,7,60,18.07343024,0.827407104,0.096530829
"Lacombe, Pier-Olivier",D,Olympiques, 2017-18 | Regular Season,48,0.046357616,0.079470199,0.125827815,19,151,18.4581818,0.765616003,0.096335788
"Girard, Antoine",LW,Drakkar, 2017-18 | Regular Season,12,0.058823529,0.088235294,0.147058824,5,34,19.15101001,0.654347793,0.096227617
"Manseau, Jérémy",C,Cataractes, 2017-18 | Regular Season,17,0.046511628,0.11627907,0.162790698,7,43,19.57001978,0.587054823,0.095567064
"Sparkes, Sullivan",C,Islanders, 2017-18 | Regular Season,46,0.055944056,0.076923077,0.132867133,19,143,18.7480948,0.719055976,0.095538906
"Crête-Belzile, Olivier",D,Phoenix, 2017-18 | Regular Season,18,0.02,0.08,0.1,5,50,17.33493013,0.946010222,0.094601022
"Poulin, Anthony",C,Armada, 2017-18 | Regular Season,13,0.058823529,0.058823529,0.117647059,6,51,18.28385929,0.793612197,0.093366141
"Aspirot, Jonathan",D,Wildcats, 2017-18 | Regular Season,53,0.033707865,0.08988764,0.123595506,22,178,18.55248626,0.750470706,0.092754806
"Guilbault, Samuel",LW,Cataractes, 2017-18 | Regular Season,5,0.076923077,0.076923077,0.153846154,2,13,19.5,0.5983,0.092046154
"Theede, Dawson",C,Titan, 2017-18 | Regular Season,9,0.086956522,0.130434783,0.217391304,5,23,20.59225171,0.422884375,0.091931386
"Blier, Samuel",LW,Cataractes, 2017-18 | Regular Season,16,0.130434783,0.086956522,0.217391304,10,46,20.59375184,0.422643455,0.091879012
"Gawanke, Leon",D,Screaming Eagles, 2017-18 | Regular Season,48,0.02259887,0.101694915,0.124293785,22,177,18.64018405,0.736386441,0.091528258
"Klima, Kelly",RW,Saguenéens, 2017-18 | Regular Season,42,0.088,0.12,0.208,26,125,20.4908285,0.439172942,0.091347972
"Bourret, Olivier",LW,Screaming Eagles, 2017-18 | Regular Season,50,0.032608696,0.076086957,0.108695652,20,184,18.00457208,0.838465724,0.091137579
"Roy, Hugo",C,Phoenix, 2017-18 | Regular Season,19,0.092592593,0.111111111,0.203703704,11,54,20.44897191,0.445895111,0.090830486
"Breton, Alex",D,Olympiques, 2017-18 | Regular Season,43,0.037037037,0.17037037,0.207407407,28,135,20.51262134,0.435673012,0.09036181
"Bellamy, Jaxon",D,Phoenix, 2017-18 | Regular Season,8,0,0.090909091,0.090909091,2,22,17.07093322,0.988408125,0.089855284
"Abraham, Frédéric",C,Foreurs, 2017-18 | Regular Season,9,0,0.095238095,0.095238095,2,21,17.36376284,0.941379688,0.089655208
"Beauchamp, Anthony",RW,Olympiques, 2017-18 | Regular Season,48,0.059210526,0.078947368,0.138157895,21,152,19.20882898,0.645062066,0.089120417
"Olivier, Mathieu",RW,Phoenix, 2017-18 | Regular Season,19,0.12962963,0.111111111,0.240740741,13,54,20.93664315,0.367575111,0.088490304
"Eckl, Bastian",RW,Voltigeurs, 2017-18 | Regular Season,35,0.012903226,0.077419355,0.090322581,14,155,17.17018249,0.972468692,0.087835882
"Meisenheimer, Samuel",LW,Islanders, 2017-18 | Regular Season,27,0.0625,0.1,0.1625,13,80,19.87453279,0.538150035,0.087449381
"Plamondon, Alex",C,Cataractes, 2017-18 | Regular Season,17,0.02173913,0.086956522,0.108695652,5,46,18.22035556,0.803810897,0.08737075
"Mathieu, Olivier",LW,Remparts, 2017-18 | Regular Season,50,0.042424242,0.060606061,0.103030303,17,165,17.96205034,0.845294715,0.087090971
"Anglehart, Rémy",C,Armada, 2017-18 | Regular Season,19,0.071428571,0.042857143,0.114285714,8,70,18.48664714,0.76104447,0.086976511
"Sylvestre, Gabriel",D,Cataractes, 2017-18 | Regular Season,12,0.0625,0.09375,0.15625,5,32,19.77672036,0.553858711,0.086540424
"MacDougall, Ross",D,Screaming Eagles, 2017-18 | Regular Season,32,0.043859649,0.184210526,0.228070175,26,114,20.87855065,0.376904765,0.085960736
"Racicot, Médérick",D,Foreurs, 2017-18 | Regular Season,20,0.0625,0.0625,0.125,4,32,18.94745477,0.687038765,0.085879846
"Gladu, Zachary",RW,Foreurs, 2017-18 | Regular Season,5,0.076923077,0.076923077,0.153846154,2,13,19.77671233,0.55386,0.085209231
"Dunn, Sam",D,Remparts, 2017-18 | Regular Season,49,0.030864198,0.12962963,0.160493827,26,162,19.92368999,0.530255387,0.085102716
"Tremblay-Lapalme, Vincent",C,Saguenéens, 2017-18 | Regular Season,46,0.051851852,0.066666667,0.118518519,16,135,18.76885449,0.715721969,0.084826307
"Nauss, Morgan",D,Saguenéens, 2017-18 | Regular Season,44,0.015625,0.1328125,0.1484375,19,128,19.67135624,0.570780188,0.084725184
"Mongo, Yvan",C,Voltigeurs, 2017-18 | Regular Season,42,0.070588235,0.152941176,0.223529412,38,170,20.87538927,0.377412484,0.08436279
"Villeneuve, Gabriel",D,Saguenéens, 2017-18 | Regular Season,18,0.058823529,0.039215686,0.098039216,5,51,17.88224859,0.858110876,0.084128517
"Desmarais, Guillaume",LW,Voltigeurs, 2017-18 | Regular Season,17,0.049180328,0.032786885,0.081967213,5,61,16.88312056,1.018570838,0.083489413
"Côté, Louis-Filip",LW,Remparts, 2017-18 | Regular Season,51,0.048192771,0.06626506,0.114457831,19,166,18.78122843,0.713734715,0.081692528
"Campbell, Isiah",LW,Sea Dogs, 2017-18 | Regular Season,13,0,0.081081081,0.081081081,3,37,17.00828941,0.998468721,0.080956923
"Reginato, Cole",LW,Sea Dogs, 2017-18 | Regular Season,10,0.08,0.08,0.16,4,25,20.08476027,0.5043875,0.080702
"Hylland, Tyler",LW,Screaming Eagles, 2017-18 | Regular Season,44,0.05625,0.08125,0.1375,22,160,19.59236432,0.583466291,0.080226615
"Adams-Moisan, Morgan",RW,Voltigeurs, 2017-18 | Regular Season,50,0.118811881,0.099009901,0.217821782,44,202,20.96580224,0.36289216,0.079045817
"Mason, Kevin",C,Sea Dogs, 2017-18 | Regular Season,9,0,0.095238095,0.095238095,2,21,18.09342894,0.824195313,0.078494792
"Laaouan, Noah",D,Screaming Eagles, 2017-18 | Regular Season,40,0.013986014,0.062937063,0.076923077,11,143,16.91493857,1.013460866,0.077958528
"Vaysberg, David",LW,Cataractes, 2017-18 | Regular Season,5,0,0.076923077,0.076923077,1,13,16.91541096,1.013385,0.077952692
"Beaudin, Jérémie",D,Tigres, 2017-18 | Regular Season,20,0.029850746,0.104477612,0.134328358,9,67,19.66948465,0.571080765,0.076712342
"Plamondon, Yohan",LW,Sea Dogs, 2017-18 | Regular Season,6,0,0.090909091,0.090909091,1,11,18.00839041,0.8378525,0.076168409
"Leblanc, Samuel",RW,Sea Dogs, 2017-18 | Regular Season,5,0.1,0,0.1,1,10,18.48578767,0.7611825,0.07611825
"Skubel, Brandon",RW,Voltigeurs, 2017-18 | Regular Season,43,0.039548023,0.056497175,0.096045198,17,177,18.31620497,0.788417482,0.075723713
"Baker, Jarrett",D,Voltigeurs, 2017-18 | Regular Season,42,0.018404908,0.061349693,0.079754601,13,163,17.35419629,0.942916075,0.075201896
"Hudgin, Nathan",LW,Voltigeurs, 2017-18 | Regular Season,18,0.056338028,0.084507042,0.14084507,10,71,19.91793246,0.531180046,0.074814091
"Dunda, Liam",RW,Wildcats, 2017-18 | Regular Season,25,0.050632911,0.101265823,0.151898734,12,79,20.19367301,0.486896115,0.073958903
"King, Sam",RW,Islanders, 2017-18 | Regular Season,53,0.051948052,0.077922078,0.12987013,20,154,19.72667852,0.561895429,0.072973432
"Stevens, Liam",LW,Saguenéens, 2017-18 | Regular Season,44,0.061068702,0.038167939,0.099236641,13,131,18.66190393,0.732898228,0.072730359
"Hudson, Jacob",RW,Wildcats, 2017-18 | Regular Season,49,0.036144578,0.036144578,0.072289157,12,166,17.0012764,0.999595011,0.07225988
"Robidoux, Mikael",RW,Remparts, 2017-18 | Regular Season,30,0.032608696,0.065217391,0.097826087,9,92,18.67049627,0.731518299,0.071561573
"Grouchy, Matthew",RW,Remparts, 2017-18 | Regular Season,23,0.051282051,0.038461538,0.08974359,7,78,18.32020368,0.78777529,0.070697782
"Moynihan, Connor",LW,Mooseheads, 2017-18 | Regular Season,52,0.088372093,0.069767442,0.158139535,34,215,20.46040014,0.444059737,0.0702234
"Deakin-Poot, Nicholas",RW,Sea Dogs, 2017-18 | Regular Season,7,0,0.1,0.1,2,20,18.87003425,0.6994725,0.06994725
"Desroches, Olivier",D,Titan, 2017-18 | Regular Season,6,0,0.066666667,0.066666667,1,15,16.7077911,1.04672875,0.069781917
"Wilson, Luke",C,Sea Dogs, 2017-18 | Regular Season,13,0.068965517,0,0.068965517,2,29,16.92705078,1.011515645,0.0697597
"Roy, Charles-Antoine",C,Olympiques, 2017-18 | Regular Season,48,0.046357616,0.052980132,0.099337748,15,151,18.88557918,0.696975984,0.069236025
"Drolet, Félix-Antoine",D,Titan, 2017-18 | Regular Season,21,0.03030303,0.045454545,0.075757576,5,66,17.54101371,0.912913199,0.069160091
"Landreville, Alexandre",C,Olympiques, 2017-18 | Regular Season,50,0.069620253,0.101265823,0.170886076,27,158,20.70749699,0.404375984,0.069102225
"Chevrier, Simon",RW,Drakkar, 2017-18 | Regular Season,18,0.019607843,0.137254902,0.156862745,8,51,20.48706454,0.439777435,0.068984696
"Dicaire, Derek",LW,Drakkar, 2017-18 | Regular Season,5,0,0.090909091,0.090909091,1,11,18.50633562,0.7578825,0.068898409
"Lauzon, Félix",C,Tigres, 2017-18 | Regular Season,13,0.020408163,0.102040816,0.12244898,6,49,19.75371562,0.557553271,0.068271829
"Lanoue, Vincent",D,Tigres, 2017-18 | Regular Season,20,0.029850746,0.119402985,0.149253731,10,67,20.40921068,0.452280765,0.067504592
"Gaboury-Potvin, Alexis",RW,Saguenéens, 2017-18 | Regular Season,20,0.030769231,0.061538462,0.092307692,6,65,18.70371355,0.726183604,0.067032333
"Stewart, Chase",D,Océanic, 2017-18 | Regular Season,42,0.025641026,0.134615385,0.16025641,25,156,20.6476347,0.413989867,0.06634453
"Soucy, Ludovic",C,Océanic, 2017-18 | Regular Season,29,0.036697248,0.027522936,0.064220183,7,109,16.80613192,1.030935214,0.066206849
"Horvath, Jason",D,Cataractes, 2017-18 | Regular Season,13,0,0.074074074,0.074074074,2,27,17.68181988,0.890299727,0.065948128
"Fortin, Philippe",D,Foreurs, 2017-18 | Regular Season,7,0.076923077,0,0.076923077,1,13,17.89126712,0.8566625,0.065897115
"Milot-Ouellet, Vincent",RW,Saguenéens, 2017-18 | Regular Season,49,0.021276596,0.078014184,0.09929078,14,141,19.12227915,0.658961969,0.065428848
"Gallo-Demetris, Isaiah",C,Drakkar, 2017-18 | Regular Season,17,0.044444444,0.044444444,0.088888889,4,45,18.65984706,0.733228562,0.065175872
"Dickner, Samuel",LW,Drakkar, 2017-18 | Regular Season,19,0.018867925,0.056603774,0.075471698,4,53,17.92554642,0.851157245,0.064238283
"Larose, Nathan",D,Sea Dogs, 2017-18 | Regular Season,22,0.016949153,0.050847458,0.06779661,4,59,17.33945589,0.945283383,0.064087009
"Denny, Leon",D,Cataractes, 2017-18 | Regular Season,15,0.025,0.05,0.075,3,40,17.94703118,0.847706792,0.063578009
"Lampron, Vincent",D,Olympiques, 2017-18 | Regular Season,13,0.032258065,0.064516129,0.096774194,3,31,19.16833061,0.651566104,0.063054784
"Askew, Cameron",RW,Islanders, 2017-18 | Regular Season,26,0.078947368,0.078947368,0.157894737,12,76,20.74691422,0.398045576,0.062849301
"Le Coultre, Simon",D,Wildcats, 2017-18 | Regular Season,48,0.018404908,0.061349693,0.079754601,13,163,18.32432137,0.787113988,0.062775962
"Groleau, Jérémy",D,Saguenéens, 2017-18 | Regular Season,46,0.023076923,0.053846154,0.076923077,10,130,18.1546772,0.814358841,0.062642988
"Roelens, Metis",C,Olympiques, 2017-18 | Regular Season,43,0.014925373,0.052238806,0.067164179,9,134,17.46366134,0.925335989,0.062149432
"Casey, Thomas",C,Islanders, 2017-18 | Regular Season,49,0.05,0.021428571,0.071428571,10,140,17.8088703,0.86989543,0.062135388
"Paradis, Joakim",D,Drakkar, 2017-18 | Regular Season,4,0,0.083333333,0.083333333,1,12,18.58869863,0.744655,0.062054583
"Gagné, Marc-Antoine",C,Saguenéens, 2017-18 | Regular Season,10,0.043478261,0.043478261,0.086956522,2,23,18.78572346,0.713012813,0.062001114
"Kielb, Darien",D,Olympiques, 2017-18 | Regular Season,47,0.026666667,0.06,0.086666667,13,150,18.80882957,0.709301971,0.061472837
"Arsenault, Alexis",D,Huskies, 2017-18 | Regular Season,48,0.029239766,0.040935673,0.070175439,12,171,17.81935782,0.868211135,0.060927097
"Verrette, Etienne",D,Remparts, 2017-18 | Regular Season,42,0,0.090909091,0.090909091,13,143,19.11164097,0.66067046,0.060060951
"Gagnon, Mathieu",C,Huskies, 2017-18 | Regular Season,6,0.055555556,0,0.055555556,1,18,16.55453767,1.07134125,0.059518958
"Grisé, Alexandre",LW,Tigres, 2017-18 | Regular Season,19,0.078125,0.015625,0.09375,6,64,19.28314471,0.633126959,0.059355652
"Thompson, Will",D,Olympiques, 2017-18 | Regular Season,29,0.019607843,0.107843137,0.12745098,13,102,20.32605305,0.46563588,0.059345749
"Benoit, Simon",D,Cataractes, 2017-18 | Regular Season,17,0,0.093023256,0.093023256,4,43,19.27109199,0.635062626,0.059075593
"Kuzmin, Daniil",LW,Wildcats, 2017-18 | Regular Season,39,0.017391304,0.060869565,0.07826087,9,115,18.53402858,0.75343501,0.058964479
"Holwell, Adam",D,Titan, 2017-18 | Regular Season,23,0,0.146666667,0.146666667,11,75,20.73495377,0.399966425,0.058661742
"DaSilva, Ryan",D,Armada, 2017-18 | Regular Season,18,0.03030303,0.075757576,0.106060606,7,66,19.78208108,0.552997778,0.05865128
"Fortin, Jérémy",C,Saguenéens, 2017-18 | Regular Season,45,0.022900763,0.053435115,0.076335878,10,131,18.44591965,0.767585304,0.058594298
"Anttalainen, Aleksi",D,Armada, 2017-18 | Regular Season,18,0.016393443,0.06557377,0.081967213,5,61,18.77742527,0.714345502,0.05855291
"Huntington, Jimmy",C,Tigres, 2017-18 | Regular Season,20,0.014925373,0.074626866,0.089552239,6,67,19.15441616,0.653800765,0.058549322
"MacIsaac, Keenan",D,Titan, 2017-18 | Regular Season,23,0.013333333,0.066666667,0.08,6,75,18.66920034,0.731726425,0.058538114
"Blackmore, G",RW,Wildcats, 2017-18 | Regular Season,43,0.01986755,0.052980132,0.072847682,11,151,18.22371815,0.803270864,0.058516421
"Bramwell, Connor",LW,Armada, 2017-18 | Regular Season,2,0,0.125,0.125,1,8,20.31917808,0.46674,0.0583425
"Dion, Benjamin",LW,Foreurs, 2017-18 | Regular Season,20,0,0.057142857,0.057142857,2,35,16.87620065,1.019682175,0.058267553
"Smith, Ryan",C,Saguenéens, 2017-18 | Regular Season,40,0.042372881,0.033898305,0.076271186,9,118,18.54699137,0.751353186,0.057306599
"Fournier, Jordan Ty",RW,Screaming Eagles, 2017-18 | Regular Season,53,0.078125,0.067708333,0.145833333,28,192,20.79637883,0.390101561,0.056889811
"Marleau, Vincent",C,Huskies, 2017-18 | Regular Season,49,0.023809524,0.053571429,0.077380952,13,168,18.68785091,0.728731144,0.05638991
"Bishop, Joel",LW,Mooseheads, 2017-18 | Regular Season,42,0.034883721,0.040697674,0.075581395,13,172,18.59752562,0.743237385,0.056174919
"Martin, Jérémy",LW,Cataractes, 2017-18 | Regular Season,7,0.055555556,0,0.055555556,1,18,16.93784247,1.0097825,0.056099028
"Pataki, Brady",RW,Wildcats, 2017-18 | Regular Season,36,0.051282051,0.034188034,0.085470085,10,117,19.16451614,0.652178708,0.05574177
"Flower, Walter",D,Mooseheads, 2017-18 | Regular Season,34,0.013888889,0.0625,0.076388889,11,144,18.69379618,0.727776334,0.055594025
"Gilbert, Kevin",RW,Phoenix, 2017-18 | Regular Season,17,0.020408163,0.081632653,0.102040816,5,49,19.84794412,0.542420175,0.055348997
"Paquette-Bisson, Tobie",D,Armada, 2017-18 | Regular Season,19,0,0.149253731,0.149253731,10,67,20.92700459,0.369123063,0.055092995
"Imbeault, Jason",RW,Océanic, 2017-18 | Regular Season,18,0.041666667,0.041666667,0.083333333,6,72,19.14252846,0.655709929,0.054642494
"Théorêt, Frédérik",RW,Cataractes, 2017-18 | Regular Season,10,0.064516129,0,0.064516129,2,31,17.9859482,0.841456719,0.05428753
"Fontaine, David",RW,Armada, 2017-18 | Regular Season,4,0,0.0625,0.0625,1,16,17.86506849,0.86087,0.053804375
"Ivan, Michal",D,Titan, 2017-18 | Regular Season,17,0.016393443,0.049180328,0.06557377,4,61,18.13926902,0.816833396,0.053562846
"Green, Matt",C,Sea Dogs, 2017-18 | Regular Season,11,0.066666667,0.033333333,0.1,3,30,19.91632063,0.531438906,0.053143891
"Hatto, Samuel",RW,Olympiques, 2017-18 | Regular Season,48,0.046052632,0.019736842,0.065789474,10,152,18.20886303,0.805656597,0.053003723
"Dajcar, Tomas",D,Remparts, 2017-18 | Regular Season,29,0.025,0.0375,0.0625,5,80,17.95029837,0.847182082,0.05294888
"Dignard, Carl-Olivier",LW,Voltigeurs, 2017-18 | Regular Season,23,0.027777778,0.027777778,0.055555556,4,72,17.31758313,0.948796149,0.052710897
"Malo, Alec",LW,Olympiques, 2017-18 | Regular Season,43,0.03030303,0.037878788,0.068181818,9,132,18.44442045,0.767826075,0.052351778
"Thompson, Will",D,Huskies, 2017-18 | Regular Season,18,0,0.128571429,0.128571429,9,70,20.69602258,0.406218774,0.052228128
"Lapointe, Yann-Félix",D,Phoenix, 2017-18 | Regular Season,14,0.023255814,0.046511628,0.069767442,3,43,18.56714402,0.74811667,0.052194186
"Samson, Mathieu",RW,Cataractes, 2017-18 | Regular Season,8,0,0.052631579,0.052631579,1,19,17.1046875,0.982987188,0.051736168
"Forest, Wilson",D,Océanic, 2017-18 | Regular Season,51,0.016216216,0.075675676,0.091891892,17,185,19.75449148,0.557428669,0.051223175
"Boudrias, Karl",D,Océanic, 2017-18 | Regular Season,18,0,0.056603774,0.056603774,3,53,17.63068971,0.898511233,0.050859126
"Plourde, Olivier",C,Olympiques, 2017-18 | Regular Season,6,0.043478261,0.043478261,0.086956522,2,23,19.61258562,0.58021875,0.050453804
"Lepage, Jordan",D,Océanic, 2017-18 | Regular Season,23,0.02,0.05,0.07,7,100,18.84689883,0.703188048,0.049223163
"Basque, William",C,Olympiques, 2017-18 | Regular Season,23,0.033898305,0.033898305,0.06779661,4,59,18.75419868,0.718075692,0.048683098
"Kyte, Patrick",D,Mooseheads, 2017-18 | Regular Season,43,0.027932961,0.039106145,0.067039106,12,179,18.70717128,0.725628292,0.048645472
"Boivin, Félix",D,Tigres, 2017-18 | Regular Season,20,0.014925373,0.074626866,0.089552239,6,67,19.84482712,0.542920765,0.04861977
"Crête-Belzile, Antoine",D,Armada, 2017-18 | Regular Season,14,0,0.0625,0.0625,3,48,18.38622044,0.777172998,0.048573312
"Smallwood, Ian",D,Screaming Eagles, 2017-18 | Regular Season,31,0.018181818,0.054545455,0.072727273,8,110,19.0678145,0.667708992,0.048560654
"Bower, William",C,Islanders, 2017-18 | Regular Season,7,0.090909091,0,0.090909091,1,11,19.91322774,0.531935625,0.048357784
"Ouellet, Edouard",RW,Tigres, 2017-18 | Regular Season,15,0,0.055555556,0.055555556,3,54,17.95193356,0.84691947,0.047051082
"Merisier-Ortiz, Christopher",D,Drakkar, 2017-18 | Regular Season,18,0,0.045454545,0.045454545,2,44,16.81919579,1.028837157,0.046765325
"Auger, Kyle",D,Wildcats, 2017-18 | Regular Season,10,0.033333333,0.033333333,0.066666667,2,30,18.87175728,0.699195781,0.046613052
"Bolduc, Samuel",D,Armada, 2017-18 | Regular Season,18,0.015384615,0.030769231,0.046153846,3,65,17.07346551,0.988001439,0.045600066
"Murphy, Liam",LW,Titan, 2017-18 | Regular Season,22,0.041666667,0.041666667,0.083333333,6,72,19.86314384,0.539979099,0.044998258
"Hladonik, Jan",LW,Armada, 2017-18 | Regular Season,16,0.019230769,0.038461538,0.057692308,3,52,18.3846076,0.777432019,0.044851847
"Kreutzer, Gregory",D,Voltigeurs, 2017-18 | Regular Season,38,0,0.049079755,0.049079755,8,163,17.53682692,0.913585596,0.044838557
"Stewart, Jacob",C,Wildcats, 2017-18 | Regular Season,15,0,0.041666667,0.041666667,2,48,16.68236954,1.050811453,0.043783811
"Massie, Noah",D,Islanders, 2017-18 | Regular Season,32,0,0.057471264,0.057471264,5,87,18.5358883,0.75313634,0.043283698
"Neveu, Jacob",D,Huskies, 2017-18 | Regular Season,49,0.01754386,0.070175439,0.087719298,15,171,20.16456323,0.491571146,0.043120276
"Desgroseilliers, Nicolas",LW,Voltigeurs, 2017-18 | Regular Season,15,0.051724138,0.017241379,0.068965517,4,58,19.48141605,0.601284583,0.041467902
"DeGagné, Alex",D,Cataractes, 2017-18 | Regular Season,16,0,0.047619048,0.047619048,2,42,17.86318677,0.861172205,0.0410082
"Leblanc, Samuel",RW,Armada, 2017-18 | Regular Season,10,0,0.055555556,0.055555556,2,36,18.63799229,0.736738438,0.040929913
"McQuaid, Chris",D,Huskies, 2017-18 | Regular Season,24,0.036144578,0.012048193,0.048192771,4,83,17.96075483,0.845502775,0.040747122
"Bennett, Zachery",D,Voltigeurs, 2017-18 | Regular Season,6,0,0.043478261,0.043478261,1,23,17.39991438,0.93557375,0.04067712
"Duquette, Marc-Olivier",D,Voltigeurs, 2017-18 | Regular Season,50,0.014851485,0.059405941,0.074257426,15,202,19.83429539,0.54461216,0.040441497
"Reid, Ben",RW,Sea Dogs, 2017-18 | Regular Season,14,0.054054054,0,0.054054054,2,37,18.63022595,0.737985713,0.03989112
"Egan, Taylor",D,Islanders, 2017-18 | Regular Season,41,0.026086957,0.043478261,0.069565217,8,115,19.65971053,0.572650489,0.039836556
"Bélanger, Jean-Simon",RW,Drakkar, 2017-18 | Regular Season,11,0.068965517,0,0.068965517,2,29,19.62976509,0.577459727,0.039824809
"Havlena, Kyle",D,Screaming Eagles, 2017-18 | Regular Season,19,0,0.044117647,0.044117647,3,68,17.63562624,0.897718426,0.039605225
"Boissonneault, Mathieu",LW,Armada, 2017-18 | Regular Season,18,0.029850746,0.014925373,0.044776119,3,67,17.71815177,0.884464825,0.039602903
"Smith, Andrew",D,Tigres, 2017-18 | Regular Season,18,0.017857143,0.053571429,0.071428571,4,56,19.82560908,0.546007182,0.039000513
"Harwell, Chase",RW,Tigres, 2017-18 | Regular Season,19,0.061538462,0.046153846,0.107692308,7,65,21.00985972,0.355816529,0.038318703
"Guenette, Maxence",D,Foreurs, 2017-18 | Regular Season,17,0,0.037037037,0.037037037,1,27,16.81075803,1.03019226,0.038155269
"Chisholm, Logan",LW,Titan, 2017-18 | Regular Season,18,0.017241379,0.017241379,0.034482759,2,58,16.34736094,1.104613833,0.038090132
"Joncas, Alexandre",D,Phoenix, 2017-18 | Regular Season,19,0,0.037037037,0.037037037,2,54,16.8270541,1.027575111,0.038058337
"Caron, Thomas",LW,Remparts, 2017-18 | Regular Season,8,0,0.04,0.04,1,25,17.30147688,0.951382813,0.038055313
"Wojcik, Anthony",LW,Remparts, 2017-18 | Regular Season,6,0.0625,0,0.0625,1,16,19.4817637,0.60122875,0.037576797
"Paradis, Joakim",D,Saguenéens, 2017-18 | Regular Season,13,0,0.047619048,0.047619048,2,42,18.31943226,0.78789918,0.037519009
"Berube, Marcel",C,Islanders, 2017-18 | Regular Season,22,0.014705882,0.029411765,0.044117647,3,68,17.96748839,0.844421365,0.037253884
"Pelletier, Thomas",D,Voltigeurs, 2017-18 | Regular Season,32,0.008474576,0.025423729,0.033898305,4,118,16.40538932,1.095294476,0.037128626
"MacLellan, Ryan",D,Screaming Eagles, 2017-18 | Regular Season,25,0,0.042105263,0.042105263,4,95,17.74432716,0.880261058,0.037063624
"Collin, Maxime",LW,Armada, 2017-18 | Regular Season,14,0.02173913,0.02173913,0.043478261,2,46,17.9451814,0.848003867,0.036869733
"Ouellet, Nathan",RW,Océanic, 2017-18 | Regular Season,31,0.01,0.03,0.04,4,100,17.5320129,0.914358729,0.036574349
"Virtue, Braeden",D,Remparts, 2017-18 | Regular Season,22,0,0.036144578,0.036144578,3,83,16.93208115,1.010707768,0.036531606
"Bernard, Jacob",D,Océanic, 2017-18 | Regular Season,15,0,0.036363636,0.036363636,2,55,16.98253274,1.002605242,0.036458372
"Bowman, Parker",LW,Océanic, 2017-18 | Regular Season,42,0,0.046979866,0.046979866,7,149,18.42513894,0.770922686,0.036217844
"Gravel, Jérôme",D,Tigres, 2017-18 | Regular Season,19,0,0.046153846,0.046153846,3,65,18.36568164,0.780471529,0.036021763
"Doyon, Nathaniel",RW,Islanders, 2017-18 | Regular Season,40,0.00862069,0.034482759,0.043103448,5,116,18.04043324,0.832706421,0.035892518
"Sansfaçon, Alexis",D,Armada, 2017-18 | Regular Season,11,0,0.051282051,0.051282051,2,39,18.89981807,0.694689219,0.035625088
"Gagnon, Anthony",RW,Olympiques, 2017-18 | Regular Season,30,0.029126214,0.019417476,0.048543689,5,103,18.68221744,0.729635879,0.035419217
"Naud, Samuel",RW,Huskies, 2017-18 | Regular Season,44,0.012987013,0.032467532,0.045454545,7,154,18.40565919,0.774051135,0.035184142
"Laframboise, Jérémy",C,Remparts, 2017-18 | Regular Season,50,0.024242424,0.018181818,0.042424242,7,165,18.10451601,0.822414728,0.034890322
"Meisenheimer, Samuel",LW,Saguenéens, 2017-18 | Regular Season,16,0.023255814,0.046511628,0.069767442,3,43,20.13732124,0.495946208,0.034600898
"Peyton, Liam",LW,Islanders, 2017-18 | Regular Season,27,0.013333333,0.026666667,0.04,3,75,17.84454058,0.864166782,0.034566671
"Allepot, Anthony",D,Foreurs, 2017-18 | Regular Season,17,0,0.033333333,0.033333333,1,30,16.81237467,1.029932628,0.034331088
"Denis, Louis-Philippe",LW,Océanic, 2017-18 | Regular Season,39,0.014184397,0.035460993,0.04964539,7,141,18.94199323,0.687915887,0.034151853
"Ton, Cayse",C,Islanders, 2017-18 | Regular Season,46,0.029850746,0.014925373,0.044776119,6,134,18.50780896,0.757645881,0.033924442
"McKenna, Colton",LW,Wildcats, 2017-18 | Regular Season,15,0,0.042553191,0.042553191,2,47,18.27386073,0.795217966,0.033839062
"Giguère, Charles-Antoine",RW,Armada, 2017-18 | Regular Season,18,0.030769231,0.015384615,0.046153846,3,65,18.67723865,0.730435472,0.033712406
"Sylvestre, Gabriel",D,Wildcats, 2017-18 | Regular Season,21,0.04,0.026666667,0.066666667,5,75,20.09283514,0.503090677,0.033539378
"Paré, Justin",C,Tigres, 2017-18 | Regular Season,8,0.032258065,0.032258065,0.064516129,2,31,20.02294521,0.514315,0.033181613
"Roy, Sacha",D,Screaming Eagles, 2017-18 | Regular Season,43,0.013333333,0.033333333,0.046666667,7,150,18.80098911,0.710561149,0.03315952
"Lauzon, Zachary",D,Huskies, 2017-18 | Regular Season,21,0,0.054054054,0.054054054,4,74,19.42129113,0.610940645,0.033023819
"Petten, Kyle",C,Mooseheads, 2017-18 | Regular Season,36,0.006578947,0.026315789,0.032894737,5,152,16.98010478,1.002995172,0.032993262
"Desjardins, Olivier",D,Islanders, 2017-18 | Regular Season,45,0.021276596,0.056737589,0.078014184,11,141,20.61920729,0.41855531,0.032653251
"Ford, Taylor",D,Huskies, 2017-18 | Regular Season,31,0.027027027,0.054054054,0.081081081,9,111,20.74714688,0.398008211,0.032270936
"Dadadzhanov, Renat",D,Cataractes, 2017-18 | Regular Season,17,0,0.042553191,0.042553191,2,47,18.55650877,0.749824691,0.031907434
"Quinney, Landon",RW,Sea Dogs, 2017-18 | Regular Season,11,0.027027027,0.027027027,0.054054054,2,37,19.66243044,0.572213672,0.030930469
"O'Reilly, Brendan",D,Sea Dogs, 2017-18 | Regular Season,13,0,0.074074074,0.074074074,2,27,20.64870639,0.413817754,0.030653167
"Haché, Olivier-Luc",C,Huskies, 2017-18 | Regular Season,17,0,0.032786885,0.032786885,2,61,17.41355917,0.933382397,0.030602702
"Templeton, Stephen",D,Saguenéens, 2017-18 | Regular Season,21,0.017857143,0.071428571,0.089285714,5,56,21.09429858,0.342255648,0.03055854
"Kemp, Michael",D,Armada, 2017-18 | Regular Season,14,0.037037037,0.018518519,0.055555556,3,54,19.83993104,0.543707075,0.030205949
"Dubé, Pierrick",RW,Remparts, 2017-18 | Regular Season,30,0.020618557,0.010309278,0.030927835,3,97,17.15907234,0.974252982,0.030131536
"Fox, Casey",LW,Wildcats, 2017-18 | Regular Season,22,0.036585366,0.012195122,0.048780488,4,82,19.40554958,0.613468738,0.029925304
"Pouliot, Xavier",D,Saguenéens, 2017-18 | Regular Season,34,0,0.044444444,0.044444444,4,90,19.06606909,0.667989304,0.029688414
"Lazure, Justin",LW,Screaming Eagles, 2017-18 | Regular Season,21,0.02739726,0.01369863,0.04109589,3,73,18.74028314,0.720310528,0.029601803
"Hanna, Quinn",D,Phoenix, 2017-18 | Regular Season,8,0,0.04,0.04,1,25,18.68758562,0.72877375,0.02915095
"Sansfaçon, Alexis",D,Screaming Eagles, 2017-18 | Regular Season,27,0,0.038461538,0.038461538,4,104,18.65330082,0.734279888,0.028241534
"Benoit, Christopher",C,Drakkar, 2017-18 | Regular Season,21,0.018181818,0.018181818,0.036363636,2,55,18.45431976,0.766236246,0.027863136
"Rafuse, Cole",RW,Titan, 2017-18 | Regular Season,23,0.026666667,0.013333333,0.04,3,75,18.90481678,0.693886425,0.027755457
"McGrath, Kyle",RW,Screaming Eagles, 2017-18 | Regular Season,29,0.038834951,0,0.038834951,4,103,18.80364678,0.710134328,0.027578032
"Picco, Andrew",D,Remparts, 2017-18 | Regular Season,42,0.007751938,0.062015504,0.069767442,9,129,20.86759384,0.378664429,0.026418449
"Duchesne, Samuel",D,Sea Dogs, 2017-18 | Regular Season,10,0,0.034482759,0.034482759,1,29,18.51033283,0.757240547,0.026111743
"Tucker, Jack",D,Wildcats, 2017-18 | Regular Season,44,0.014184397,0.014184397,0.028368794,4,141,17.51481592,0.917120564,0.026017605
"Ouellet, Zachary",D,Huskies, 2017-18 | Regular Season,23,0.016393443,0.016393443,0.032786885,2,61,18.3436236,0.78401405,0.025705379
"Henley, David",D,Foreurs, 2017-18 | Regular Season,18,0.033333333,0.033333333,0.066666667,2,30,20.88071964,0.376556425,0.025103762
"Lepage, Jordan",D,Mooseheads, 2017-18 | Regular Season,16,0,0.033898305,0.033898305,2,59,18.6327727,0.737576704,0.0250026
"Tremblay, Charles",RW,Saguenéens, 2017-18 | Regular Season,15,0,0.025641026,0.025641026,1,39,17.16993709,0.972508103,0.024936105
"Martineau, Vincent",D,Océanic, 2017-18 | Regular Season,9,0,0.03125,0.03125,1,32,18.48642979,0.761079375,0.02378373
"Eastman, Austin",LW,Remparts, 2017-18 | Regular Season,15,0.018181818,0.036363636,0.054545455,3,55,20.5113614,0.435875359,0.02377502
"Clavelle, Brendon",D,Islanders, 2017-18 | Regular Season,45,0,0.030075188,0.030075188,4,133,18.31822221,0.788093513,0.023702061
"Anderson, Joshua",D,Océanic, 2017-18 | Regular Season,16,0,0.032786885,0.032786885,2,61,18.74704498,0.719224576,0.023581134
"Barbosa, Ryan",D,Mooseheads, 2017-18 | Regular Season,29,0,0.044247788,0.044247788,5,113,19.9120115,0.532130953,0.023545617
"Higgins, Ben",C,Mooseheads, 2017-18 | Regular Season,51,0.009661836,0.024154589,0.033816425,7,207,18.91519466,0.692219737,0.023408397
"Blachman, Nicholas",RW,Océanic, 2017-18 | Regular Season,7,0.038461538,0,0.038461538,1,26,19.51635274,0.59567375,0.022910529
"Webster, Bailey",D,Sea Dogs, 2017-18 | Regular Season,23,0,0.049180328,0.049180328,3,61,20.38603019,0.456003552,0.022426404
"Roy, Nicolas",C,Phoenix, 2017-18 | Regular Season,14,0.029411765,0,0.029411765,1,34,18.53732408,0.752905752,0.022144287
"Castonguay, Daven",D,Voltigeurs, 2017-18 | Regular Season,44,0.005524862,0.033149171,0.038674033,7,181,19.68028882,0.569345615,0.022018891
"Higgins, Tyler",D,Olympiques, 2017-18 | Regular Season,19,0,0.037037037,0.037037037,2,54,19.55550728,0.58938553,0.021829094
"Peach, Bailey",RW,Phoenix, 2017-18 | Regular Season,15,0,0.021276596,0.021276596,1,47,16.86407956,1.021628823,0.021736783
"Inniss, Christopher",D,Océanic, 2017-18 | Regular Season,39,0.00729927,0.01459854,0.02189781,3,137,17.13993937,0.977325736,0.021401293
"Lampron, Vincent",D,Phoenix, 2017-18 | Regular Season,11,0,0.03125,0.03125,1,32,18.97652504,0.682370078,0.021324065
"Gaumond, Samuel",C,Océanic, 2017-18 | Regular Season,10,0,0.029411765,0.029411765,1,34,18.7682149,0.715824688,0.021053667
"Cormier, Lane",RW,Huskies, 2017-18 | Regular Season,5,0.05,0,0.05,1,20,20.69229452,0.4068175,0.020340875
"Senken, Connor",D,Phoenix, 2017-18 | Regular Season,15,0,0.024390244,0.024390244,1,41,18.08904611,0.824899194,0.020119493
"MacRae, Riley",LW,Wildcats, 2017-18 | Regular Season,17,0,0.034482759,0.034482759,2,58,19.64455826,0.575083944,0.019830481
"LeCouffe, Marc-André",C,Titan, 2017-18 | Regular Season,13,0.026315789,0,0.026315789,1,38,18.55481124,0.750097314,0.019739403
"Villeneuve, Gabriel",D,Remparts, 2017-18 | Regular Season,14,0,0.021276596,0.021276596,1,47,17.63610037,0.89764228,0.019098772
"Arsenault, Jacob",D,Wildcats, 2017-18 | Regular Season,45,0.006493506,0.019480519,0.025974026,4,154,18.6802564,0.729950823,0.018959762
"Paré, Félix",RW,Tigres, 2017-18 | Regular Season,14,0,0.020833333,0.020833333,1,48,17.77584847,0.875198735,0.018233307
"Ward, Kyle",RW,Huskies, 2017-18 | Regular Season,6,0.034482759,0,0.034482759,1,29,19.97114726,0.52263375,0.018021853
"Bellamy, Jaxon",D,Wildcats, 2017-18 | Regular Season,17,0.016666667,0,0.016666667,1,60,16.92641046,1.011618481,0.016860308
"Malatesta, Domenic",C,Titan, 2017-18 | Regular Season,13,0,0.02173913,0.02173913,1,46,18.4607355,0.765205879,0.01663491
"Smith, Tyler",D,Sea Dogs, 2017-18 | Regular Season,17,0,0.020408163,0.020408163,1,49,18.42271277,0.771312329,0.015741068
"Charlebois, Mathieu",D,Tigres, 2017-18 | Regular Season,11,0,0.022727273,0.022727273,1,44,18.96988174,0.683436992,0.015532659
"Jones, Cooper",D,Mooseheads, 2017-18 | Regular Season,41,0.006451613,0.019354839,0.025806452,4,155,19.57558832,0.586160516,0.015126723
"Crossley, Brett",C,Mooseheads, 2017-18 | Regular Season,52,0.014084507,0.014084507,0.028169014,6,213,20.0028659,0.517539737,0.014578584
"Monette, Simon",D,Saguenéens, 2017-18 | Regular Season,37,0,0.016949153,0.016949153,2,118,18.31392785,0.788783187,0.013369207
"Tardif, Louis Jr",D,Drakkar, 2017-18 | Regular Season,21,0,0.018181818,0.018181818,1,55,18.7529499,0.718276246,0.013059568
"Ianniciello, Samuel",LW,Huskies, 2017-18 | Regular Season,35,0.007194245,0.007194245,0.014388489,2,139,17.60839877,0.902091157,0.012979729
"D'Amours, Anthony",D,Océanic, 2017-18 | Regular Season,39,0.006802721,0.006802721,0.013605442,2,147,17.72052517,0.884083657,0.012028349
"Charlebois, Mathieu",D,Olympiques, 2017-18 | Regular Season,24,0,0.011904762,0.011904762,1,84,18.70331088,0.726248272,0.008645813
"Dachyshyn, Barrett",RW,Mooseheads, 2017-18 | Regular Season,42,0.005714286,0.005714286,0.011428571,2,175,19.24715561,0.638906809,0.007301792
"Hébert, Jérémie",D,Drakkar, 2017-18 | Regular Season,12,0,0,0,0,31,15.91200102,1.174532637,0
"Johnston, Drew",C,Islanders, 2017-18 | Regular Season,2,0,0,0,0,1,16.10273973,1.1439,0
"Ferland, Thomas",D,Saguenéens, 2017-18 | Regular Season,3,0,0,0,0,9,16.11506849,1.14192,0
"McCluskey, Connor",D,Wildcats, 2017-18 | Regular Season,1,0,0,0,0,3,16.13150685,1.13928,0
"Régis, Samuel",D,Huskies, 2017-18 | Regular Season,1,0,0,0,0,1,16.17808219,1.1318,0
"Bouchard, Tommy",C,Armada, 2017-18 | Regular Season,1,0,0,0,0,6,16.18356164,1.13092,0
"Stewart, Cole",C,Mooseheads, 2017-18 | Regular Season,3,0,0,0,0,10,16.26643836,1.11761,0
"Stewart, Sean",D,Wildcats, 2017-18 | Regular Season,2,0,0,0,0,3,16.37808219,1.09968,0
"Racicot, Zachary",D,Armada, 2017-18 | Regular Season,4,0,0,0,0,16,16.45890411,1.0867,0
"Kidney, Liam",C,Screaming Eagles, 2017-18 | Regular Season,3,0,0,0,0,11,16.48630137,1.0823,0
"Lauzon, Émile",C,Foreurs, 2017-18 | Regular Season,3,0,0,0,0,8,16.52260274,1.07647,0
"Pelletier, Tristan",C,Saguenéens, 2017-18 | Regular Season,2,0,0,0,0,5,16.55342466,1.07152,0
"Awashish, Mikisiw",C,Saguenéens, 2017-18 | Regular Season,1,0,0,0,0,3,16.56712329,1.06932,0
"Fraser, Cole",C,Armada, 2017-18 | Regular Season,1,0,0,0,0,5,16.71506849,1.04556,0
"Arsenault, Zachary",D,Islanders, 2017-18 | Regular Season,3,0,0,0,0,11,16.73630137,1.04215,0
"Létourneau, Julien",C,Drakkar, 2017-18 | Regular Season,3,0,0,0,0,11,16.75136986,1.03973,0
"Farmer, Christopher",C,Saguenéens, 2017-18 | Regular Season,1,0,0,0,0,7,16.79178082,1.03324,0
"Pellerin, Jérémy",C,Tigres, 2017-18 | Regular Season,1,0,0,0,0,6,16.80547945,1.03104,0
"Cormier, Xavier",C,Remparts, 2017-18 | Regular Season,1,0,0,0,0,2,16.80821918,1.0306,0
"Hart, Gavin",C,Mooseheads, 2017-18 | Regular Season,1,0,0,0,0,2,16.81643836,1.02928,0
"Desroches, Olivier",D,Cataractes, 2017-18 | Regular Season,7,0,0,0,0,18,16.8348887,1.026316875,0
"Rouleau, William",C,Huskies, 2017-18 | Regular Season,1,0,0,0,0,4,16.84931507,1.024,0
"Gallant, Carson",D,Olympiques, 2017-18 | Regular Season,16,0,0,0,0,47,16.85501625,1.02308439,0
"Melançon, Max-Antoine",C,Cataractes, 2017-18 | Regular Season,7,0,0,0,0,18,16.85680651,1.022796875,0
"Gaucher, Jacob",C,Foreurs, 2017-18 | Regular Season,6,0,0,0,0,8,16.89357877,1.01689125,0
"Montreuil, Gabriel",C,Remparts, 2017-18 | Regular Season,2,0,0,0,0,6,16.91506849,1.01344,0
"Foreman, Kyle",C,Wildcats, 2017-18 | Regular Season,1,0,0,0,0,3,16.96438356,1.00552,0
"Peric, Lucas",D,67's, 2017-18 | Regular Season,2,0,0,0,0,6,16.98630137,1.002,0
"Di Cesare, Enrico",C,Tigres, 2017-18 | Regular Season,1,0,0,0,0,5,17.01917808,0.99672,0
"Desgroseilliers, Samuel",D,Armada, 2017-18 | Regular Season,1,0,0,0,0,3,17.17260274,0.97208,0
"Cummings, William",C,Cataractes, 2017-18 | Regular Season,1,0,0,0,0,2,17.20273973,0.96724,0
"Châteauneuf, Isaak",D,Phoenix, 2017-18 | Regular Season,1,0,0,0,0,1,17.33424658,0.94612,0
"Fox, Stephen",RW,Wildcats, 2017-18 | Regular Season,1,0,0,0,0,2,17.39178082,0.93688,0
"Gallant, Evan",C,Islanders, 2017-18 | Regular Season,1,0,0,0,0,2,17.47671233,0.92324,0
"Havlena, Kyle",D,Armada, 2017-18 | Regular Season,4,0,0,0,0,16,17.48767123,0.92148,0
"Roy, Nathael",LW,Phoenix, 2017-18 | Regular Season,2,0,0,0,0,1,17.56438356,0.90916,0
"Leclerc, Zachary",D,Sea Dogs, 2017-18 | Regular Season,1,0,0,0,0,3,17.59452055,0.90432,0
"Jarry, Loïc",D,Foreurs, 2017-18 | Regular Season,12,0,0,0,0,20,17.60215513,0.903093887,0
"Thibeault, Benjamin",D,Tigres, 2017-18 | Regular Season,7,0,0,0,0,18,17.64340753,0.89646875,0
"Hachey, Dominic",D,Islanders, 2017-18 | Regular Season,3,0,0,0,0,5,17.6869863,0.88947,0
"Alain, Marc-Olivier",D,Remparts, 2017-18 | Regular Season,18,0,0,0,0,52,17.68990274,0.88900162,0
"Lavoie, Nathan",D,Armada, 2017-18 | Regular Season,3,0,0,0,0,9,17.70410959,0.88672,0
"St-Pierre, Eliott",D,Océanic, 2017-18 | Regular Season,1,0,0,0,0,1,17.70410959,0.88672,0
"Lessard-Aydin, Emil",LW,Foreurs, 2017-18 | Regular Season,4,0,0,0,0,1,17.70821918,0.88606,0
"Timmons, Logan",LW,Foreurs, 2017-18 | Regular Season,3,0,0,0,0,6,17.73219178,0.88221,0
"Tourigny, Félix-Antoine",C,Huskies, 2017-18 | Regular Season,5,0,0,0,0,17,17.74349315,0.880395,0
"Gravel, Zachary",C,Olympiques, 2017-18 | Regular Season,1,0,0,0,0,5,17.88493151,0.85768,0
"Blanchard, Mathieu",C,Titan, 2017-18 | Regular Season,1,0,0,0,0,2,17.91506849,0.85284,0
"St-Pierre, Guillaume",RW,Huskies, 2017-18 | Regular Season,3,0,0,0,0,14,17.94726027,0.84767,0
"Hungerbuhler, Tyler",D,Sea Dogs, 2017-18 | Regular Season,8,0,0,0,0,19,17.95691353,0.846119688,0
"Gaudreau, Adam",D,Tigres, 2017-18 | Regular Season,7,0,0,0,0,22,17.96866438,0.8442325,0
"Toner, Denis",D,Mooseheads, 2017-18 | Regular Season,1,0,0,0,0,3,18.01643836,0.83656,0
"Grandmaison, Maxime",LW,Huskies, 2017-18 | Regular Season,1,0,0,0,0,1,18.02739726,0.8348,0
"Savinsky, Hugo",D,Drakkar, 2017-18 | Regular Season,14,0,0,0,0,40,18.03529404,0.833531777,0
"Cyr-Trottier, Nathan",C,Foreurs, 2017-18 | Regular Season,20,0,0,0,0,35,18.07894136,0.826522018,0
"Gaudreault, Yan-Cédric",RW,Armada, 2017-18 | Regular Season,1,0,0,0,0,3,18.07945205,0.82644,0
"Desroches, Jack",D,Islanders, 2017-18 | Regular Season,2,0,0,0,0,5,18.12739726,0.81874,0
"Cavalleri, Marco",C,Tigres, 2017-18 | Regular Season,7,0,0,0,0,16,18.22285959,0.80340875,0
"White, Evan",D,Saguenéens, 2017-18 | Regular Season,2,0,0,0,0,4,18.28630137,0.79322,0
"Lafrenière, Alexandre",RW,Sea Dogs, 2017-18 | Regular Season,3,0,0,0,0,11,18.38150685,0.77793,0
"Maurovic, Dallas",C,Saguenéens, 2017-18 | Regular Season,3,0,0,0,0,5,18.42123288,0.77155,0
"MacArthur, Brodie",C,Wildcats, 2017-18 | Regular Season,1,0,0,0,0,3,18.43013699,0.77012,0
"Hanna, Quinn",D,Armada, 2017-18 | Regular Season,2,0,0,0,0,9,18.50547945,0.75802,0
"McLeod, Brock",C,Islanders, 2017-18 | Regular Season,1,0,0,0,0,3,18.53150685,0.75384,0
"Kurbatov, Egor",LW,Tigres, 2017-18 | Regular Season,6,0,0,0,0,21,18.5489726,0.751035,0
"Chmelevski, Sasha",C,67's, 2017-18 | Regular Season,2,0,0,0,0,6,18.57260274,0.74724,0
"Côté, Jérémy",LW,Tigres, 2017-18 | Regular Season,15,0,0,0,0,50,18.64695878,0.73529842,0
"Pryce, Nicholas",LW,Titan, 2017-18 | Regular Season,4,0,0,0,0,8,18.65034247,0.734755,0
"Lefebvre, Simon",RW,Phoenix, 2017-18 | Regular Season,5,0,0,0,0,14,18.72910959,0.722105,0
"Duchesne, Samuel",D,Saguenéens, 2017-18 | Regular Season,7,0,0,0,0,14,18.7427226,0.71991875,0
"Cardinal, Tommy",RW,Cataractes, 2017-18 | Regular Season,11,0,0,0,0,27,18.79858198,0.710947734,0
"MacPhee, Ian",RW,Huskies, 2017-18 | Regular Season,15,0,0,0,0,53,18.9432047,0.687721326,0
"Lazure, Justin",LW,Wildcats, 2017-18 | Regular Season,14,0,0,0,0,54,19.05704262,0.669438955,0
"Figueira, Damian",D,Voltigeurs, 2017-18 | Regular Season,6,0,0,0,0,25,19.09580479,0.66321375,0
"Lavoie, Jean-Mathieu",D,Phoenix, 2017-18 | Regular Season,2,0,0,0,0,4,19.09863014,0.66276,0
"Cardinal, Tommy",RW,Foreurs, 2017-18 | Regular Season,11,0,0,0,0,11,19.11872592,0.659532617,0
"Denicourt-Fournier, Frédérick",D,Foreurs, 2017-18 | Regular Season,1,0,0,0,0,2,19.13424658,0.65704,0
"Tesink, Marcus",D,Sea Dogs, 2017-18 | Regular Season,4,0,0,0,0,9,19.20513699,0.645655,0
"Gardiner, Nolan",C,Drakkar, 2017-18 | Regular Season,3,0,0,0,0,2,19.25068493,0.63834,0
"Higgins, Tyler",D,Océanic, 2017-18 | Regular Season,2,0,0,0,0,7,19.43287671,0.60908,0
"West, Kyle",LW,Islanders, 2017-18 | Regular Season,5,0,0,0,0,7,19.5260274,0.59412,0
"Wieringa, Jack",D,Wildcats, 2017-18 | Regular Season,12,0,0,0,0,38,19.57774508,0.585814141,0
"Demers, Pierre-Olivier",D,Tigres, 2017-18 | Regular Season,2,0,0,0,0,6,19.59452055,0.58312,0
"Corson, Noah",LW,Drakkar, 2017-18 | Regular Season,2,0,0,0,0,6,19.59589041,0.5829,0
"Shea, TJ",RW,Islanders, 2017-18 | Regular Season,1,0,0,0,0,3,19.61369863,0.58004,0
"Johnson, Kolby",LW,Phoenix, 2017-18 | Regular Season,12,0,0,0,0,40,19.72327964,0.562441289,0
"Fortin, Louis-Philip",D,Titan, 2017-18 | Regular Season,4,0,0,0,0,10,19.72773973,0.561725,0
"Francis, Elijah",D,Titan, 2017-18 | Regular Season,18,0,0,0,0,57,19.73796458,0.560082889,0
"Roy, Charlie",D,Cataractes, 2017-18 | Regular Season,1,0,0,0,0,1,20.3369863,0.46388,0
"Desjardins, Olivier",D,Wildcats, 2017-18 | Regular Season,6,0,0,0,0,26,20.36481164,0.45941125,0
"Foget, Mathieu",C,67's, 2017-18 | Regular Season,1,0,0,0,0,1,20.79726027,0.38996,0
"Cascagnette, Jacob",C,67's, 2017-18 | Regular Season,1,0,0,0,0,5,20.82465753,0.38556,0
Player Name,Position,Team,Season,Games Played,Goals Per Team Goals %,Assists Per Team Assists %,Points Per Team Points %,Total Points,Total Team Points,Player Age,,