Player Name,Team,Games Played,Goals Per Team Goals %,Assists Per Team Assists %,Points Per Team Points %,Shots Per Team Shots %,PIM Per Team PIM %,Player Age
"Schneider, Braden",Wheat Kings,66,0.004016064257028112,0.08433734939759036,0.08835341365461848,0.2570281124497992,0.0642570281124498,16.490809697098882,"
"
"Sambrook, Garrett",Wheat Kings,13,0.0,0.029411764705882353,0.029411764705882353,0.16176470588235295,0.11764705882352941,17.80567142016267,"
"
"Higson, Schael",Wheat Kings,71,0.01858736059479554,0.08550185873605948,0.10408921933085502,0.41263940520446096,0.4312267657992565,19.85841842328681,"
"
"Jensen, Kade",Wheat Kings,25,0.019230769230769232,0.028846153846153848,0.04807692307692308,0.28846153846153844,0.38461538461538464,20.583951194808908,"
"
"Jensen, Kade",Royals,33,0.03787878787878788,0.05303030303030303,0.09090909090909091,0.4696969696969697,0.8106060606060606,20.87818524207256,"
"
"Hooker, Jonny",Wheat Kings,40,0.022222222222222223,0.037037037037037035,0.05925925925925926,0.2740740740740741,0.13333333333333333,16.392078257250486,"
"
"Mattheos, Stelio",Wheat Kings,68,0.16475095785440613,0.18007662835249041,0.3448275862068966,0.8544061302681992,0.3486590038314176,18.765266338295767,"
"
"Lewis, Ty",Wheat Kings,70,0.1660377358490566,0.21132075471698114,0.37735849056603776,0.8981132075471698,0.22641509433962265,20.041973632211466,"
"
"Bettens, Rylan",Wheat Kings,49,0.036458333333333336,0.036458333333333336,0.07291666666666667,0.2552083333333333,0.041666666666666664,18.088555524785214,"
"
"Kaspick, Tanner",Wheat Kings,35,0.08108108108108109,0.16891891891891891,0.25,0.75,0.49324324324324326,19.95593175391255,"
"
"Kaspick, Tanner",Royals,25,0.13829787234042554,0.14893617021276595,0.2872340425531915,0.8829787234042553,0.3404255319148936,20.139015601269186,"
"
"Sekundiak, Marcus",Wheat Kings,61,0.017699115044247787,0.022123893805309734,0.03982300884955752,0.25663716814159293,0.07079646017699115,17.913211104419084,"
"
"McCallum, Lynden",Wheat Kings,5,0.0,0.0,0.0,0.06666666666666667,0.0,17.727910958904108,"
"
"McCartney, Ben",Wheat Kings,51,0.010309278350515464,0.05154639175257732,0.061855670103092786,0.28865979381443296,0.16494845360824742,16.68127689422294,"
"
"Reinhardt, Cole",Wheat Kings,68,0.07116104868913857,0.056179775280898875,0.12734082397003746,0.42696629213483145,0.149812734082397,18.12965142360434,"
"
"Gutenberg, Connor",Wheat Kings,72,0.06642066420664207,0.12915129151291513,0.19557195571955718,0.4870848708487085,0.15867158671586715,18.540610328001495,"
"
"McCorrister, Linden",Wheat Kings,59,0.09049773755656108,0.10407239819004525,0.19457013574660634,0.5384615384615384,0.14027149321266968,19.987120271862562,"
"
"Thompson, Baron",Wheat Kings,60,0.05803571428571429,0.05803571428571429,0.11607142857142858,0.39732142857142855,0.20982142857142858,19.079391569787845,"
"
"Wytinck, Zach",Wheat Kings,68,0.015810276679841896,0.07509881422924901,0.09090909090909091,0.1976284584980237,0.16205533596837945,18.99540483439454,"
"
"Ettinger, Ty",Wheat Kings,45,0.012048192771084338,0.030120481927710843,0.04216867469879518,0.12048192771084337,0.3433734939759036,18.115309250599825,"
"
"Zamula, Egor",Pats,38,0.0,0.05737704918032787,0.05737704918032787,0.2540983606557377,0.11475409836065574,17.781389773083028,"
"
"Zamula, Egor",Hitmen,31,0.021052631578947368,0.09473684210526316,0.11578947368421053,0.49473684210526314,0.25263157894736843,17.973540314725817,"
"
"Gavlas, Parker",Pats,8,0.0,0.0,0.0,0.06896551724137931,0.2413793103448276,18.60049229452055,"
"
"Smart, Jonathan",Pats,21,0.028169014084507043,0.14084507042253522,0.16901408450704225,0.6619718309859155,0.352112676056338,18.453995500851985,"
"
"Smart, Jonathan",ICE,47,0.02877697841726619,0.12949640287769784,0.15827338129496402,0.697841726618705,0.2733812949640288,18.79739548402145,"
"
"de Wit, Jeff",Pats,7,0.037037037037037035,0.037037037037037035,0.07407407407407407,0.3333333333333333,0.2962962962962963,19.5746147260274,"
"
"de Wit, Jeff",ICE,15,0.04,0.04,0.08,0.4,0.04,19.767661734803085,"
"
"de Wit, Jeff",Royals,21,0.09876543209876543,0.07407407407407407,0.1728395061728395,0.5555555555555556,0.04938271604938271,20.012346246797744,"
"
"Sloboshan, Wyatt",Pats,36,0.03571428571428571,0.09821428571428571,0.13392857142857142,0.8928571428571429,0.3125,20.905866708278523,"
"
"Buziak, Braydon",Pats,32,0.020202020202020204,0.050505050505050504,0.0707070707070707,0.45454545454545453,0.5656565656565656,19.899603633826267,"
"
"Buziak, Braydon",Royals,34,0.023622047244094488,0.03937007874015748,0.06299212598425197,0.2047244094488189,0.6535433070866141,20.15005088513398,"
"
"Lockner, Bryan",Pats,39,0.05737704918032787,0.040983606557377046,0.09836065573770492,0.6147540983606558,0.20491803278688525,17.76278105282897,"
"
"Lockner, Bryan",Tigers,31,0.06862745098039216,0.06862745098039216,0.13725490196078433,0.5686274509803921,0.18627450980392157,17.9565875870316,"
"
"Oksanen, Emil",Pats,58,0.08465608465608465,0.1693121693121693,0.25396825396825395,0.8359788359788359,0.12698412698412698,19.48293145932281,"
"
"Pierce, Duncan",Pats,17,0.0,0.018518518518518517,0.018518518518518517,0.1111111111111111,0.3888888888888889,17.747237155862052,"
"
"Morrisseau, Koby",Pats,47,0.0379746835443038,0.0379746835443038,0.0759493670886076,0.3291139240506329,0.14556962025316456,17.405654398465305,"
"
"Platt, Bryce",Pats,60,0.021052631578947368,0.010526315789473684,0.031578947368421054,0.3368421052631579,0.5052631578947369,19.83747634156186,"
"
"King, George",Pats,18,0.08196721311475409,0.01639344262295082,0.09836065573770492,0.3114754098360656,0.09836065573770492,19.407761309898063,"
"
"King, George",Raiders,5,0.0,0.0,0.0,0.10526315789473684,0.10526315789473684,19.504965753424656,"
"
"Nijhoff, Logan",Pats,30,0.03,0.03,0.06,0.33,0.15,16.71789929333513,"
"
"Holmes, Robbie",Pats,68,0.06926406926406926,0.05627705627705628,0.12554112554112554,0.5974025974025974,0.31601731601731603,18.661013671012856,"
"
"Davidson, Dawson",Pats,43,0.051470588235294115,0.14705882352941177,0.19852941176470587,0.6029411764705882,0.22794117647058823,19.762214069959796,"
"
"Davidson, Dawson",Blades,26,0.03529411764705882,0.15294117647058825,0.18823529411764706,0.6235294117647059,0.3764705882352941,19.952204260352538,"
"
"Williams, Owen",Pats,28,0.0,0.011363636363636364,0.011363636363636364,0.18181818181818182,0.06818181818181818,17.28823914680987,"
"
"Williams, Owen",Thunderbirds,30,0.0,0.05,0.05,0.15,0.14,17.477503900929058,"
"
"Schioler, Liam",Pats,65,0.0,0.04128440366972477,0.04128440366972477,0.3211009174311927,0.38990825688073394,20.151374851384904,"
"
"Bradley, Matt",Pats,72,0.15163934426229508,0.1721311475409836,0.3237704918032787,1.25,0.36885245901639346,21.15690408220034,"
"
"Hines, Dallas",ICE,59,0.023391812865497075,0.08771929824561403,0.1111111111111111,0.4678362573099415,0.18128654970760233,20.108402318277832,"
"
"Fleury, Cale",ICE,17,0.11764705882352941,0.0784313725490196,0.19607843137254902,0.7254901960784313,0.5294117647058824,18.98515052272849,"
"
"Fleury, Cale",Pats,51,0.03468208092485549,0.2023121387283237,0.23699421965317918,0.7514450867052023,0.2947976878612717,19.332246547953766,"
"
"Patrick, Zachary",ICE,41,0.0,0.05309734513274336,0.05309734513274336,0.23008849557522124,0.23893805309734514,16.663717674503765,"
"
"Huston, Sam",ICE,61,0.01092896174863388,0.04918032786885246,0.060109289617486336,0.23497267759562843,0.06557377049180328,18.766552063426378,"
"
"Pouliot, Ryan",ICE,64,0.010416666666666666,0.041666666666666664,0.052083333333333336,0.4739583333333333,0.421875,19.80601831516546,"
"
"Baer, Alec",ICE,71,0.13875598086124402,0.14832535885167464,0.28708133971291866,1.0334928229665072,0.19138755980861244,20.56451939226861,"
"
"Hausinger, Cameron",ICE,69,0.10396039603960396,0.10891089108910891,0.21287128712871287,0.693069306930693,0.24257425742574257,19.180957748432995,"
"
"Sheen, Barrett",ICE,18,0.0392156862745098,0.09803921568627451,0.13725490196078433,0.27450980392156865,1.0,19.149444642785475,"
"
"Sheen, Barrett",Warriors,42,0.014705882352941176,0.05392156862745098,0.06862745098039216,0.20098039215686275,0.6666666666666666,19.47757598869088,"
"
"Taphorn, Keenan",ICE,60,0.03260869565217391,0.07608695652173914,0.10869565217391304,0.43478260869565216,0.06521739130434782,18.205407146938576,"
"
"Bodak, Martin",ICE,58,0.04093567251461988,0.12280701754385964,0.16374269005847952,0.8128654970760234,0.3567251461988304,19.30424212328837,"
"
"Veloso, Colton",ICE,70,0.12195121951219512,0.0975609756097561,0.21951219512195122,0.7560975609756098,0.23414634146341465,20.72616322788428,"
"
"Kohler, Gilian",ICE,54,0.03773584905660377,0.06289308176100629,0.10062893081761007,0.4088050314465409,0.050314465408805034,17.8000592343465,"
"
"Loschiavo, Vince",ICE,28,0.08641975308641975,0.07407407407407407,0.16049382716049382,1.0740740740740742,0.14814814814814814,19.72945249290907,"
"
"Loschiavo, Vince",Warriors,40,0.06629834254143646,0.06077348066298342,0.1270718232044199,0.4861878453038674,0.06629834254143646,19.998173014499116,"
"
"Krebs, Peyton",ICE,66,0.08121827411167512,0.18274111675126903,0.2639593908629442,0.6395939086294417,0.20304568527918782,17.139861858022037,"
"
"King, Michael",ICE,55,0.047337278106508875,0.04142011834319527,0.08875739644970414,0.2603550295857988,0.05917159763313609,18.08228559039814,"
"
"Kroeker, Colton",ICE,67,0.0707070707070707,0.22727272727272727,0.29797979797979796,0.8636363636363636,0.1111111111111111,21.154381250290648,"
"
"Davis, Brett",ICE,71,0.11961722488038277,0.14354066985645933,0.2631578947368421,0.9521531100478469,0.1674641148325359,18.79739610459738,"
"
"Sidaway, Tanner",ICE,5,0.07692307692307693,0.07692307692307693,0.15384615384615385,0.23076923076923078,0.8461538461538461,18.44640410958904,"
"
"Sidaway, Tanner",Pats,58,0.0,0.014925373134328358,0.014925373134328358,0.31840796019900497,0.32338308457711445,18.88784243022164,"
"
"LaPointe, Jakob",Hitmen,1,0.0,0.0,0.0,0.0,3.5,19.353424657534248,"
"
"Toder, Layne",Hitmen,70,0.004608294930875576,0.041474654377880185,0.04608294930875576,0.3271889400921659,0.3225806451612903,18.214636205131324,"
"
"van de Leest, Jackson",Hitmen,36,0.009523809523809525,0.0380952380952381,0.047619047619047616,0.37142857142857144,0.2857142857142857,16.571853956664285,"
"
"Esposito, Drea",Hitmen,47,0.006622516556291391,0.046357615894039736,0.052980132450331126,0.15894039735099338,0.07947019867549669,18.18215842200137,"
"
"Yeryomenko, Vladislav",Hitmen,63,0.06770833333333333,0.14583333333333334,0.21354166666666666,0.765625,0.15625,18.910526616074083,"
"
"Stukel, Jakob",Hitmen,71,0.167420814479638,0.12217194570135746,0.2895927601809955,1.081447963800905,0.18099547511312217,21.04203346472623,"
"
"Malenstyn, Beck",Hitmen,4,0.0,0.21428571428571427,0.21428571428571427,0.35714285714285715,0.0,19.659931506849315,"
"
"Malenstyn, Beck",Broncos,38,0.11564625850340136,0.08163265306122448,0.19727891156462585,0.7142857142857143,0.19047619047619047,20.12132946965163,"
"
"Kastelic, Mark",Hitmen,71,0.10648148148148148,0.10185185185185185,0.20833333333333334,0.8935185185185185,0.6157407407407407,19.028334835222033,"
"
"Nielsen, Tristen",Hitmen,49,0.1292517006802721,0.10884353741496598,0.23809523809523808,0.9659863945578231,0.23129251700680273,18.061284544380534,"
"
"Kryski, Jake",Hitmen,71,0.07339449541284404,0.1834862385321101,0.25688073394495414,0.6559633027522935,0.19724770642201836,20.036554013350152,"
"
"Grishakov, Andrei",Hitmen,37,0.09482758620689655,0.12931034482758622,0.22413793103448276,0.6810344827586207,0.29310344827586204,18.640585245546678,"
"
"Grishakov, Andrei",Royals,32,0.06504065040650407,0.04065040650406504,0.10569105691056911,0.3983739837398374,0.13821138211382114,18.84046248773317,"
"
"Gennaro, Matteo",Hitmen,22,0.2028985507246377,0.15942028985507245,0.36231884057971014,1.4782608695652173,0.3188405797101449,20.650816741055007,"
"
"Gennaro, Matteo",Broncos,45,0.16470588235294117,0.15294117647058825,0.3176470588235294,0.9588235294117647,0.25882352941176473,20.973384263822904,"
"
"Gurney, Justyn",Hitmen,54,0.006493506493506494,0.01948051948051948,0.025974025974025976,0.22077922077922077,0.577922077922078,17.43243046413427,"
"
"Huber, Zach",Hitmen,56,0.011560693641618497,0.017341040462427744,0.028901734104046242,0.21965317919075145,0.13872832369942195,18.13243849560989,"
"
"Coleman, Luke",Hitmen,72,0.06756756756756757,0.10810810810810811,0.17567567567567569,0.8243243243243243,0.12162162162162163,19.529704698282007,"
"
"Zimmerman, Cael",Hitmen,66,0.0297029702970297,0.0594059405940594,0.0891089108910891,0.3069306930693069,0.1188118811881188,17.17052346018338,"
"
"Fyten, Andrew",Hitmen,40,0.04838709677419355,0.08064516129032258,0.12903225806451613,0.5161290322580645,0.46774193548387094,19.245826580276074,"
"
"Fyten, Andrew",Broncos,29,0.02564102564102564,0.03418803418803419,0.05982905982905983,0.3076923076923077,0.4188034188034188,19.42896030919805,"
"
"Murray, Jameson",Hitmen,28,0.010869565217391304,0.05434782608695652,0.06521739130434782,0.17391304347826086,0.06521739130434782,18.914951265654338,"
"
"Murray, Jameson",Silvertips,7,0.0,0.0,0.0,0.25,0.0,19.078938356164386,"
"
"Paivarinta, Cody",Raiders,14,0.0,0.0,0.0,0.23076923076923078,0.5384615384615384,19.430923252889556,"
"
"Hayes, Zack",Raiders,71,0.012448132780082987,0.058091286307053944,0.07053941908713693,0.33195020746887965,0.4066390041493776,18.903175803997133,"
"
"Budik, Vojtech",Raiders,63,0.06572769953051644,0.1267605633802817,0.19248826291079812,0.7699530516431925,0.20187793427230047,20.13468128476322,"
"
"Pachal, Brayden",Raiders,68,0.03056768558951965,0.08296943231441048,0.11353711790393013,0.6506550218340611,0.5240174672489083,18.570299091668367,"
"
"Martin, Max",Raiders,72,0.03305785123966942,0.09917355371900827,0.1322314049586777,0.5330578512396694,0.14049586776859505,18.653642696519114,"
"
"Moe, Spencer",Raiders,72,0.0371900826446281,0.05371900826446281,0.09090909090909091,0.4669421487603306,0.08264462809917356,18.198848175971168,"
"
"Warkentine, Drew",Raiders,2,0.0,0.0,0.0,1.0,0.6666666666666666,19.012328767123286,"
"
"Jerome, D-Jay",Raiders,31,0.0,0.011111111111111112,0.011111111111111112,0.2222222222222222,0.5555555555555556,18.16021278341084,"
"
"Jerome, D-Jay",Royals,13,0.0,0.0,0.0,0.08,0.34,18.35879775791952,"
"
"Rhinehart, Rhett",Raiders,31,0.0,0.011363636363636364,0.011363636363636364,0.4431818181818182,0.18181818181818182,16.100044323766785,"
"
"Rhinehart, Rhett",Cougars,28,0.0379746835443038,0.012658227848101266,0.05063291139240506,0.3670886075949367,0.31645569620253167,16.307249892799007,"
"
"Johnson, Kolby",Raiders,2,0.0,0.0,0.0,0.0,3.0,19.37945205479452,"
"
"Miske, Curtis",Raiders,72,0.1115702479338843,0.15289256198347106,0.2644628099173554,0.7024793388429752,0.12396694214876033,21.171450915697196,"
"
"Stallard, Jordy",Raiders,72,0.18181818181818182,0.19421487603305784,0.3760330578512397,1.024793388429752,0.10743801652892562,20.502957765012265,"
"
"Sottile, Brock",Raiders,10,0.0,0.029411764705882353,0.029411764705882353,0.14705882352941177,0.6176470588235294,18.22662136130137,"
"
"Miller, Carson",Raiders,69,0.004347826086956522,0.030434782608695653,0.034782608695652174,0.26956521739130435,0.2956521739130435,18.105697491039656,"
"
"Pearce, Eric",Raiders,49,0.024242424242424242,0.012121212121212121,0.03636363636363636,0.15757575757575756,0.03636363636363636,16.636452179775166,"
"
"Fonstad, Cole",Raiders,72,0.08677685950413223,0.21487603305785125,0.30165289256198347,0.6322314049586777,0.024793388429752067,17.902957765012264,"
"
"Montgomery, Sean",Raiders,72,0.049586776859504134,0.07024793388429752,0.11983471074380166,0.7231404958677686,0.049586776859504134,20.03720434035473,"
"
"Skoleski, Devon",Raiders,38,0.07079646017699115,0.07964601769911504,0.1504424778761062,0.4690265486725664,0.1415929203539823,20.30278414645109,"
"
"Woo, Jett",Warriors,44,0.045,0.08,0.125,0.415,0.215,17.644736063225388,"
"
"Paradis, Colin",Warriors,37,0.0056179775280898875,0.016853932584269662,0.02247191011235955,0.12921348314606743,0.08426966292134831,19.694629565670994,"
"
"Paradis, Colin",Rebels,28,0.012345679012345678,0.1111111111111111,0.12345679012345678,0.2222222222222222,0.09876543209876543,19.89308908359237,"
"
"Almeida, Justin",Warriors,72,0.13230769230769232,0.16923076923076924,0.30153846153846153,0.6861538461538461,0.03076923076923077,19.11598123367719,"
"
"Jeannot, Tanner",Warriors,72,0.12307692307692308,0.12307692307692308,0.24615384615384617,0.8492307692307692,0.2553846153846154,20.809131918608696,"
"
"Halbgewachs, Jayden",Warriors,72,0.2153846153846154,0.18153846153846154,0.39692307692307693,0.8923076923076924,0.036923076923076927,20.99543328847171,"
"
"Kwiatkowski, Brenden",Warriors,22,0.0,0.009900990099009901,0.009900990099009901,0.06930693069306931,0.019801980198019802,17.427162691665025,"
"
"Smithies, Tyler",Warriors,36,0.0070921985815602835,0.028368794326241134,0.03546099290780142,0.15602836879432624,0.014184397163120567,17.641869935161857,"
"
"Wood, Brecon",Warriors,27,0.023255813953488372,0.007751937984496124,0.031007751937984496,0.11627906976744186,0.1937984496124031,17.27680812073897,"
"
"Popple, Tate",Warriors,71,0.018691588785046728,0.04984423676012461,0.06853582554517133,0.1806853582554517,0.04361370716510903,18.04474835696486,"
"
"Burke, Brayden",Warriors,61,0.10877192982456141,0.28771929824561404,0.39649122807017545,0.6280701754385964,0.19298245614035087,21.177051317376836,"
"
"Klatt, Branden",Warriors,69,0.022435897435897436,0.02564102564102564,0.04807692307692308,0.1987179487179487,0.10256410256410256,19.414611368358642,"
"
"Gregor, Noah",Warriors,30,0.1044776119402985,0.16417910447761194,0.26865671641791045,0.8432835820895522,0.27611940298507465,19.378593429305575,"
"
"Gregor, Noah",Royals,30,0.14423076923076922,0.1346153846153846,0.27884615384615385,1.2211538461538463,0.27884615384615385,19.643202212774387,"
"
"Langan, Tristin",Warriors,70,0.05063291139240506,0.08227848101265822,0.13291139240506328,0.4430379746835443,0.10443037974683544,19.25662000160095,"
"
"Benson, Matthew",Warriors,49,0.0,0.05339805825242718,0.05339805825242718,0.1796116504854369,0.21359223300970873,17.313604983334677,"
"
"Burzan, Luka",Warriors,42,0.0297029702970297,0.06435643564356436,0.09405940594059406,0.5495049504950495,0.04950495049504951,18.006534103746883,"
"
"Burzan, Luka",Wheat Kings,30,0.09278350515463918,0.12371134020618557,0.21649484536082475,0.5876288659793815,0.10309278350515463,18.198144574315375,"
"
"DeRoose, Tristyn",Warriors,47,0.01904761904761905,0.014285714285714285,0.03333333333333333,0.11428571428571428,0.3523809523809524,19.137896736058806,"
"
"Sosunov, Oleg",Warriors,71,0.021875,0.059375,0.08125,0.390625,0.25625,19.93515931586897,"
"
"Zaitsev, Dmitri",Warriors,61,0.02127659574468085,0.07801418439716312,0.09929078014184398,0.2695035460992908,0.09929078014184398,20.148824563286478,"
"
"Addison, Calen",Hurricanes,67,0.04741379310344827,0.23275862068965517,0.2801724137931034,0.8060344827586207,0.27155172413793105,17.938567085227884,"
"
"Prefontaine, Ty",Hurricanes,70,0.021367521367521368,0.08547008547008547,0.10683760683760683,0.5470085470085471,0.2222222222222222,19.18245922180649,"
"
"Yewchuk, Kyle",Hurricanes,8,0.0,0.038461538461538464,0.038461538461538464,0.23076923076923078,0.3076923076923077,19.641416952054794,"
"
"Estephan, Giorgio",Hurricanes,39,0.13138686131386862,0.291970802919708,0.4233576642335766,0.8248175182481752,0.24817518248175183,20.931656366617613,"
"
"Estephan, Giorgio",Broncos,30,0.1,0.13333333333333333,0.23333333333333334,0.75,0.23333333333333334,21.124069195694915,"
"
"Zudilov, Egor",Hurricanes,63,0.03431372549019608,0.0784313725490196,0.11274509803921569,0.6323529411764706,0.14705882352941177,17.522185055208645,"
"
"Merezhko, Igor",Hurricanes,70,0.02100840336134454,0.11764705882352941,0.13865546218487396,0.5294117647058824,0.31092436974789917,19.88930853687498,"
"
"Harke, Shawn",Hurricanes,26,0.01282051282051282,0.0,0.01282051282051282,0.1794871794871795,0.16666666666666666,18.06880072885997,"
"
"Bellerive, Jordy",Hurricanes,70,0.19246861924686193,0.19246861924686193,0.38493723849372385,1.3347280334728033,0.35564853556485354,18.88382908482019,"
"
"Tarzwell, Josh",Hurricanes,28,0.028846153846153848,0.10576923076923077,0.1346153846153846,0.38461538461538464,0.16346153846153846,17.83803722105206,"
"
"Tarzwell, Josh",Rebels,40,0.058823529411764705,0.05042016806722689,0.1092436974789916,0.6218487394957983,0.13445378151260504,18.106789143328825,"
"
"Nagel, Tanner",Hurricanes,35,0.024193548387096774,0.04032258064516129,0.06451612903225806,0.4274193548387097,0.4032258064516129,19.950834440653793,"
"
"Nagel, Tanner",Broncos,22,0.022727272727272728,0.011363636363636364,0.03409090909090909,0.25,0.75,20.12380741981611,"
"
"Elmer, Jake",Hurricanes,69,0.07264957264957266,0.0811965811965812,0.15384615384615385,0.47863247863247865,0.23931623931623933,19.218075660162654,"
"
"Vandervlis, Ryan",Hurricanes,19,0.15714285714285714,0.11428571428571428,0.2714285714285714,0.7428571428571429,0.05714285714285714,19.5240403580339,"
"
"Joseph, Jadon",Hurricanes,53,0.054878048780487805,0.1402439024390244,0.1951219512195122,0.4573170731707317,0.10975609756097561,18.829034563658087,"
"
"Cozens, Dylan",Hurricanes,57,0.10576923076923077,0.14903846153846154,0.2548076923076923,0.6971153846153846,0.09615384615384616,17.104644025859628,"
"
"Franklin, Zane",Hurricanes,66,0.06222222222222222,0.10666666666666667,0.1688888888888889,0.4,0.22666666666666666,19.204377030012793,"
"
"Davis, Jayden",Hurricanes,11,0.02564102564102564,0.0,0.02564102564102564,0.3333333333333333,0.05128205128205128,17.988966181506846,"
"
"Pouteau, Brady",Hurricanes,31,0.009345794392523364,0.09345794392523364,0.102803738317757,0.27102803738317754,0.19626168224299065,20.006560890067828,"
"
"Pouteau, Brady",Pats,28,0.0,0.01904761904761905,0.01904761904761905,0.37142857142857144,0.2,20.19252052060137,"
"
"Wilson, Koletrane",Hurricanes,58,0.015306122448979591,0.04081632653061224,0.05612244897959184,0.2193877551020408,0.1989795918367347,18.54958250947318,"
"
"MacPhee, Cameron",Tigers,20,0.011235955056179775,0.0,0.011235955056179775,0.14606741573033707,0.5168539325842697,18.53544846103616,"
"
"MacPhee, Cameron",Cougars,26,0.014084507042253521,0.028169014084507043,0.04225352112676056,0.29577464788732394,0.971830985915493,18.839107785404543,"
"
"Baker, Daniel",Tigers,11,0.0,0.027777777777777776,0.027777777777777776,0.4722222222222222,0.0,16.785600385273973,"
"
"MacPherson, Dylan",Tigers,67,0.016597510373443983,0.07468879668049792,0.0912863070539419,0.46887966804979253,0.08298755186721991,19.883884584627403,"
"
"Kohler, Mick",Tigers,4,0.0,0.07142857142857142,0.07142857142857142,0.2857142857142857,0.14285714285714285,19.607876712328768,"
"
"Hamblin, James",Tigers,70,0.084,0.172,0.256,0.832,0.12,18.896313614421796,"
"
"Anderson, Baxter",Tigers,45,0.006369426751592357,0.025477707006369428,0.03184713375796178,0.21656050955414013,0.12101910828025478,18.006531732884433,"
"
"Rybinski, Henry",Tigers,63,0.013333333333333334,0.04,0.05333333333333334,0.24,0.08,16.727558734779166,"
"
"Jevne, Ryan",Tigers,69,0.08097165991902834,0.10931174089068826,0.1902834008097166,0.6720647773279352,0.1862348178137652,19.948368408935004,"
"
"Gerlach, Max",Tigers,35,0.1322314049586777,0.15702479338842976,0.2892561983471074,0.9504132231404959,0.2644628099173554,19.768393037128675,"
"
"Gerlach, Max",Blades,30,0.19,0.16,0.35,0.8,0.06,19.960459208013873,"
"
"Haden, Gary",Tigers,70,0.06692913385826772,0.0984251968503937,0.16535433070866143,0.6968503937007874,0.13385826771653545,19.153847860997097,"
"
"Heathcote, Dawson",Tigers,47,0.037037037037037035,0.018518518518518517,0.05555555555555555,0.2839506172839506,0.037037037037037035,18.19145729069269,"
"
"Preziuso, Tyler",Tigers,66,0.07053941908713693,0.06639004149377593,0.13692946058091288,0.5186721991701245,0.07883817427385892,19.164806586522847,"
"
"Williams, Josh",Tigers,47,0.06666666666666667,0.05454545454545454,0.12121212121212122,0.49696969696969695,0.048484848484848485,17.03056018974311,"
"
"Nassen, Linus",Tigers,44,0.005988023952095809,0.1497005988023952,0.15568862275449102,0.4550898203592814,0.08383233532934131,19.84583508855711,"
"
"Gally, Dalton",Tigers,72,0.007751937984496124,0.03875968992248062,0.046511627906976744,0.36046511627906974,0.21705426356589147,20.145628682914946,"
"
"Rassell, Mark",Tigers,70,0.1984126984126984,0.11904761904761904,0.31746031746031744,1.2301587301587302,0.09126984126984126,21.042788704262527,"
"
"Chyzowski, Ryan",Tigers,72,0.08139534883720931,0.12015503875968993,0.20155038759689922,0.6201550387596899,0.14728682170542637,17.846998545928646,"
"
"Clayton, Cole",Tigers,56,0.010050251256281407,0.02512562814070352,0.035175879396984924,0.2562814070351759,0.12562814070351758,18.05204503706244,"
"
"Kustra, Jake",Blades,71,0.017391304347826087,0.06086956521739131,0.0782608695652174,0.3739130434782609,0.6565217391304348,18.915438963949775,"
"
"Rubinchik, Mark",Blades,67,0.018604651162790697,0.08837209302325581,0.10697674418604651,0.46511627906976744,0.3581395348837209,18.997630738677884,"
"
"Bafaro, Seth",Blades,58,0.016042780748663103,0.0374331550802139,0.053475935828877004,0.22994652406417113,0.3422459893048128,17.840096296631934,"
"
"Goethals, Bradly",Blades,69,0.06578947368421052,0.07456140350877193,0.14035087719298245,0.6052631578947368,0.14035087719298245,19.755164991347034,"
"
"Ramsay, Gage",Blades,63,0.028708133971291867,0.06698564593301436,0.09569377990430622,0.7033492822966507,0.22966507177033493,19.427767731072418,"
"
"MacKenzie, Lukus",Blades,13,0.0,0.09523809523809523,0.09523809523809523,0.40476190476190477,0.5238095238095238,18.515083877354453,"
"
"MacKenzie, Lukus",Rebels,17,0.0,0.1111111111111111,0.1111111111111111,0.3611111111111111,0.8333333333333334,18.66638781403842,"
"
"MacKenzie, Lukus",Winterhawks,29,0.01834862385321101,0.027522935779816515,0.045871559633027525,0.28440366972477066,0.25688073394495414,18.883313926125634,"
"
"Shmyr, Braylon",Blades,72,0.1574468085106383,0.2170212765957447,0.37446808510638296,1.0765957446808512,0.06808510638297872,20.845390714851597,"
"
"Michaud, Dryden",Blades,29,0.020833333333333332,0.020833333333333332,0.041666666666666664,0.21875,0.0,19.820034676065593,"
"
"Hájek, Libor",Blades,33,0.07692307692307693,0.16346153846153846,0.2403846153846154,0.7019230769230769,0.25,19.897282477615605,"
"
"Hájek, Libor",Pats,25,0.043478260869565216,0.10869565217391304,0.15217391304347827,0.7717391304347826,0.043478260869565216,20.116357766928736,"
"
"Farren, Michael",Blades,62,0.05238095238095238,0.05238095238095238,0.10476190476190476,0.46190476190476193,0.19047619047619047,17.91657338105111,"
"
"Fantillo, Caleb",Blades,38,0.05426356589147287,0.023255813953488372,0.07751937984496124,0.4186046511627907,0.3798449612403101,19.908959302327048,"
"
"Christensen, Logan",Blades,51,0.03067484662576687,0.04294478527607362,0.0736196319018405,0.4539877300613497,0.19631901840490798,19.185116742248855,"
"
"Wouters, Chase",Blades,72,0.07659574468085106,0.14042553191489363,0.2170212765957447,0.5531914893617021,0.20851063829787234,18.111144139509133,"
"
"Fiala, Evan",Blades,71,0.030434782608695653,0.05652173913043478,0.08695652173913043,0.4956521739130435,0.7,20.785116740782875,"
"
"Machado, Brandon",Blades,60,0.005154639175257732,0.015463917525773196,0.020618556701030927,0.18556701030927836,0.11855670103092783,17.94948329931489,"
"
"Caller, Jackson",Blades,70,0.013157894736842105,0.10087719298245613,0.11403508771929824,0.34210526315789475,0.17105263157894737,18.678452662579907,"
"
"Paterson, Josh",Blades,72,0.13191489361702127,0.09361702127659574,0.225531914893617,0.7063829787234043,0.03404255319148936,19.160459208002283,"
"
"Dach, Kirby",Blades,52,0.040229885057471264,0.22413793103448276,0.26436781609195403,0.6839080459770115,0.06896551724137931,17.1577193358685,"
"
"Sissons, Colby",Broncos,72,0.04642857142857143,0.20714285714285716,0.25357142857142856,0.7285714285714285,0.24642857142857144,20.176123990199443,"
"
"Schmiemann, Dom",Broncos,21,0.0,0.03529411764705882,0.03529411764705882,0.21176470588235294,0.2,18.65446479745107,"
"
"Schmiemann, Dom",Hitmen,47,0.006756756756756757,0.06756756756756757,0.07432432432432433,0.3310810810810811,0.581081081081081,18.96806086266557,"
"
"Minulin, Artyom",Broncos,64,0.051587301587301584,0.11904761904761904,0.17063492063492064,0.5515873015873016,0.10317460317460317,19.466534949090754,"
"
"Khaira, Sahvan",Broncos,65,0.023622047244094488,0.07874015748031496,0.10236220472440945,0.32677165354330706,0.515748031496063,20.211719034705084,"
"
"Elder, Kaden",Broncos,67,0.06870229007633588,0.05343511450381679,0.12213740458015267,0.5038167938931297,0.07633587786259542,20.011665619213446,"
"
"Stotts, Riley",Broncos,22,0.021739130434782608,0.010869565217391304,0.03260869565217391,0.22826086956521738,0.13043478260869565,17.88701515328394,"
"
"Stotts, Riley",Hitmen,47,0.11486486486486487,0.16216216216216217,0.27702702702702703,0.7094594594594594,0.22972972972972974,18.20641702704913,"
"
"Wight, MacKenzie",Broncos,55,0.0049261083743842365,0.014778325123152709,0.019704433497536946,0.2955665024630542,0.12315270935960591,19.121167630218938,"
"
"Gawdin, Glenn",Broncos,67,0.208955223880597,0.2574626865671642,0.4664179104477612,1.007462686567164,0.4141791044776119,20.972778363732807,"
"
"Gable, Kole",Broncos,68,0.022304832713754646,0.03717472118959108,0.05947955390334572,0.29739776951672864,0.20817843866171004,19.668686319692576,"
"
"Steenbergen, Tyler",Broncos,56,0.2079646017699115,0.24336283185840707,0.45132743362831856,1.0663716814159292,0.19469026548672566,20.196083596651405,"
"
"Heponiemi, Aleksi",Broncos,57,0.12017167381974249,0.38626609442060084,0.5064377682403434,0.6051502145922747,0.12017167381974249,19.19256228145596,"
"
"Patterson, Max",Broncos,72,0.03214285714285714,0.05357142857142857,0.08571428571428572,0.41785714285714287,0.18928571428571428,18.228178784719994,"
"
"Blocker, Owen",Broncos,27,0.009900990099009901,0.0,0.009900990099009901,0.0891089108910891,0.19801980198019803,17.78255141601987,"
"
"Blocker, Owen",Hurricanes,30,0.010416666666666666,0.041666666666666664,0.052083333333333336,0.22916666666666666,0.20833333333333334,17.971424737730867,"
"
"Waitzner, Quinton",Broncos,43,0.006369426751592357,0.0,0.006369426751592357,0.08280254777070063,0.28662420382165604,18.170374630592715,"
"
"Chaulk, Conner",Broncos,21,0.07317073170731707,0.06097560975609756,0.13414634146341464,0.3902439024390244,0.23170731707317074,20.522959588978388,"
"
"Chaulk, Conner",Hitmen,35,0.09433962264150944,0.09433962264150944,0.18867924528301888,0.660377358490566,0.3490566037735849,20.8256680074226,"
"
"Stanley, Matthew",Broncos,40,0.0,0.026490066225165563,0.026490066225165563,0.09933774834437085,0.3973509933774834,19.916284720648477,"
"
"Stanley, Matthew",Hurricanes,32,0.019417475728155338,0.04854368932038835,0.06796116504854369,0.18446601941747573,0.7864077669902912,20.108486619069918,"
"
"Horning, Connor",Broncos,50,0.015544041450777202,0.02072538860103627,0.03626943005181347,0.10880829015544041,0.12953367875647667,16.851375863903403,"
"
"Barlage, Logan",Broncos,38,0.006993006993006993,0.04195804195804196,0.04895104895104895,0.38461538461538464,0.11888111888111888,16.993758803393078,"
"
"Barlage, Logan",Hurricanes,32,0.05825242718446602,0.05825242718446602,0.11650485436893204,0.5922330097087378,0.17475728155339806,17.182459221809644,"
"
"Moberg, Cole",Cougars,64,0.01020408163265306,0.04591836734693878,0.05612244897959184,0.27040816326530615,0.18877551020408162,17.420093355514773,"
"
"Lakusta, Joel",Cougars,69,0.04455445544554455,0.15841584158415842,0.20297029702970298,0.594059405940594,0.3564356435643564,19.72753063959268,"
"
"Leppard, Jackson",Cougars,67,0.07389162561576355,0.10344827586206896,0.17733990147783252,0.7044334975369458,0.46798029556650245,18.168183951572082,"
"
"Curtis, Josh",Cougars,71,0.037914691943127965,0.12796208530805686,0.16587677725118483,0.6208530805687204,0.02843601895734597,19.48599224893927,"
"
"Maser, Josh",Cougars,71,0.13270142180094788,0.0995260663507109,0.23222748815165878,0.7298578199052133,0.35071090047393366,19.168184029761186,"
"
"Perepeluk, Reid",Cougars,10,0.06896551724137931,0.034482758620689655,0.10344827586206896,0.3103448275862069,0.5172413793103449,17.877102953767125,"
"
"Kryski, Max",Cougars,61,0.03977272727272727,0.011363636363636364,0.05113636363636364,0.375,0.125,17.874849378500432,"
"
"O'Brien, Brogan",Cougars,52,0.10967741935483871,0.15483870967741936,0.2645161290322581,0.7741935483870968,0.32903225806451614,20.6010605457062,"
"
"Schoettler, Ryan",Cougars,71,0.037914691943127965,0.07109004739336493,0.10900473933649289,0.6966824644549763,0.26540284360189575,18.6531155366105,"
"
"Popugaev, Nikita",Cougars,13,0.05,0.125,0.175,1.225,0.1,18.929507571703766,"
"
"Sander, Jack",Cougars,61,0.010869565217391304,0.0,0.010869565217391304,0.32608695652173914,0.07608695652173914,17.882924394885627,"
"
"Collins, Shane",Cougars,4,0.0,0.0,0.0,0.1111111111111111,0.0,20.62705479452055,"
"
"O'Rourke, Ethan",Cougars,37,0.04424778761061947,0.07964601769911504,0.12389380530973451,0.5221238938053098,0.19469026548672566,18.85017768247001,"
"
"O'Rourke, Ethan",Silvertips,29,0.010752688172043012,0.03225806451612903,0.043010752688172046,0.20430107526881722,0.06451612903225806,19.05494107523397,"
"
"Boyd, Aaron",Cougars,66,0.06829268292682927,0.11219512195121951,0.18048780487804877,0.7853658536585366,0.2731707317073171,20.82297836760777,"
"
"Ryan, Liam",Cougars,34,0.018691588785046728,0.028037383177570093,0.04672897196261682,0.22429906542056074,0.2803738317757009,18.18833994154646,"
"
"McDonald, Kody",Cougars,35,0.18269230769230768,0.16346153846153846,0.34615384615384615,1.2019230769230769,0.7307692307692307,19.744075455907446,"
"
"McDonald, Kody",Raiders,33,0.12295081967213115,0.12295081967213115,0.2459016393442623,0.6967213114754098,0.7622950819672131,19.95227283350677,"
"
"Anderson, Josh",Cougars,25,0.011764705882352941,0.07058823529411765,0.08235294117647059,0.38823529411764707,0.7294117647058823,19.358434627970603,"
"
"Anderson, Josh",Broncos,29,0.017094017094017096,0.042735042735042736,0.05982905982905983,0.48717948717948717,0.5299145299145299,19.556938155944625,"
"
"Mikhalchuk, Vladislav",Cougars,59,0.08045977011494253,0.10344827586206896,0.1839080459770115,0.6724137931034483,0.3505747126436782,18.424039220197944,"
"
"Gallagher, Luke",Chiefs,33,0.007874015748031496,0.023622047244094488,0.031496062992125984,0.11811023622047244,0.047244094488188976,17.827107477595725,"
"
"Leduc, Matt",Chiefs,51,0.005208333333333333,0.020833333333333332,0.026041666666666668,0.10416666666666667,0.19791666666666666,18.191615547297154,"
"
"Faith, Jeff",Chiefs,60,0.0205761316872428,0.04938271604938271,0.06995884773662552,0.20987654320987653,0.21810699588477367,20.2045419902517,"
"
"Helgesen, Tyson",Chiefs,72,0.021352313167259787,0.08185053380782918,0.10320284697508897,0.49110320284697506,0.36298932384341637,20.779884682785067,"
"
"Reid, Nolan",Chiefs,72,0.0498220640569395,0.07829181494661921,0.12811387900355872,0.5658362989323843,0.0711743772241993,19.993583312922055,"
"
"Cole, Rykr",Chiefs,8,0.08333333333333333,0.041666666666666664,0.125,0.4166666666666667,0.7083333333333334,20.457170376712327,"
"
"McIndoe, Ethan",Chiefs,71,0.07553956834532374,0.07553956834532374,0.1510791366906475,0.5503597122302158,0.15467625899280577,18.664816189634386,"
"
"Woods, Riley",Chiefs,72,0.08896797153024912,0.11387900355871886,0.20284697508896798,0.5907473309608541,0.08540925266903915,19.73878879237411,"
"
"Ross, Taylor",Chiefs,15,0.03636363636363636,0.03636363636363636,0.07272727272727272,0.2727272727272727,0.10909090909090909,19.6910074312393,"
"
"Ross, Taylor",Hurricanes,49,0.11176470588235295,0.11176470588235295,0.2235294117647059,0.5764705882352941,0.03529411764705882,20.077247199151913,"
"
"Fafrak, Milos",Chiefs,66,0.03488372093023256,0.03875968992248062,0.07364341085271318,0.29069767441860467,0.12403100775193798,18.70300566691043,"
"
"Ostir, Hayden",Chiefs,10,0.08823529411764706,0.08823529411764706,0.17647058823529413,0.4411764705882353,0.35294117647058826,18.290319991438356,"
"
"Ostir, Hayden",Tigers,31,0.05263157894736842,0.12280701754385964,0.17543859649122806,0.6754385964912281,0.05263157894736842,18.704123403223818,"
"
"Smith, Ty",Chiefs,69,0.05223880597014925,0.22014925373134328,0.27238805970149255,0.7238805970149254,0.14925373134328357,17.987166624244868,"
"
"Elynuik, Hudson",Chiefs,71,0.11191335740072202,0.19855595667870035,0.3104693140794224,0.8303249097472925,0.35379061371841153,20.436481694337264,"
"
"McKay, Riley",Chiefs,62,0.01652892561983471,0.0371900826446281,0.05371900826446281,0.21487603305785125,0.6694214876033058,19.04015842864525,"
"
"Zummack, Eli",Chiefs,58,0.06637168141592921,0.11504424778761062,0.18141592920353983,0.4026548672566372,0.017699115044247787,17.99632236439361,"
"
"Hamaliuk, Dalton",Chiefs,71,0.01444043321299639,0.04332129963898917,0.05776173285198556,0.23465703971119134,0.05776173285198556,19.9981255299537,"
"
"Beckman, Adam",Chiefs,1,0.0,0.0,0.0,0.0,0.0,16.38082191780822,"
"
"Chorney, Carter",Chiefs,41,0.011764705882352941,0.0,0.011764705882352941,0.13529411764705881,0.1,17.115209430816126,"
"
"Jarratt, Ralph",Royals,53,0.008928571428571428,0.05803571428571429,0.06696428571428571,0.29017857142857145,0.3705357142857143,19.98092042959822,"
"
"Prowse, Mitchell",Royals,71,0.0035587188612099642,0.060498220640569395,0.06405693950177936,0.18861209964412812,0.19572953736654805,17.77744878897363,"
"
"Masella, Jeremy",Royals,35,0.02142857142857143,0.02857142857142857,0.05,0.15714285714285714,0.24285714285714285,18.881017573813953,"
"
"Masella, Jeremy",Raiders,33,0.008064516129032258,0.04838709677419355,0.056451612903225805,0.2661290322580645,0.4032258064516129,19.089258868666366,"
"
"Walford, Scott",Royals,69,0.007194244604316547,0.1079136690647482,0.11510791366906475,0.39928057553956836,0.22302158273381295,19.17681538641704,"
"
"Peckford, Ryan",Royals,33,0.09154929577464789,0.09859154929577464,0.19014084507042253,0.5,0.11267605633802817,18.77573339726125,"
"
"Peckford, Ryan",Warriors,40,0.03867403314917127,0.08287292817679558,0.12154696132596685,0.3370165745856354,0.03314917127071823,19.04474835696487,"
"
"Phillips, Matthew",Royals,71,0.16901408450704225,0.22535211267605634,0.39436619718309857,0.9612676056338029,0.11267605633802817,19.95275716723896,"
"
"Gerth, Spencer",Royals,43,0.017045454545454544,0.017045454545454544,0.03409090909090909,0.19886363636363635,0.23295454545454544,19.658757338104667,"
"
"Gerth, Spencer",Silvertips,27,0.021739130434782608,0.021739130434782608,0.043478260869565216,0.14130434782608695,0.15217391304347827,19.847106315379275,"
"
"Florchuk, Eric",Royals,43,0.03977272727272727,0.11931818181818182,0.1590909090909091,0.38636363636363635,0.06818181818181818,18.001223091529322,"
"
"Florchuk, Eric",Blades,28,0.09473684210526316,0.12631578947368421,0.22105263157894736,0.6210526315789474,0.06315789473684211,18.19059619354467,"
"
"Martynov, Igor",Royals,63,0.07142857142857142,0.0992063492063492,0.17063492063492064,0.31746031746031744,0.11904761904761904,19.16375015883864,"
"
"Fizer, Tarun",Royals,45,0.0111731843575419,0.027932960893854747,0.03910614525139665,0.16759776536312848,0.055865921787709494,17.03304093359956,"
"
"Hannoun, Dante",Royals,66,0.09541984732824428,0.20610687022900764,0.3015267175572519,0.6450381679389313,0.183206106870229,19.629448091895412,"
"
"Bishop, Anthony",Royals,4,0.0,0.043478260869565216,0.043478260869565216,0.043478260869565216,0.0,19.5263698630137,"
"
"Bishop, Anthony",Americans,61,0.0,0.07009345794392523,0.07009345794392523,0.2570093457943925,0.1822429906542056,19.968004392069407,"
"
"Khomenko, Yan",Royals,20,0.021739130434782608,0.09782608695652174,0.11956521739130435,0.358695652173913,0.10869565217391304,19.643178720343606,"
"
"Legien, Jared",Royals,36,0.087248322147651,0.1342281879194631,0.2214765100671141,0.5570469798657718,0.24161073825503357,19.296281743150807,"
"
"Legien, Jared",Pats,25,0.11764705882352941,0.08235294117647059,0.2,0.6,0.09411764705882353,19.540408384310055,"
"
"Nagy, Regan",Royals,26,0.1565217391304348,0.05217391304347826,0.20869565217391303,0.48695652173913045,0.4608695652173913,20.551409096015643,"
"
"Nagy, Regan",Raiders,31,0.06306306306306306,0.12612612612612611,0.1891891891891892,0.6666666666666666,0.18018018018018017,20.859122146403237,"
"
"Kambeitz, Dino",Royals,69,0.039711191335740074,0.02527075812274368,0.06498194945848375,0.22021660649819494,0.19494584837545126,18.14731180120256,"
"
"Freadrich, Jared",Royals,71,0.04240282685512368,0.0706713780918728,0.11307420494699646,0.5795053003533569,0.15901060070671377,20.043202213756466,"
"
"Oliver, Kaid",Royals,64,0.02459016393442623,0.0778688524590164,0.10245901639344263,0.3360655737704918,0.2827868852459016,18.148014960178482,"
"
"Plouffe, Dylan",Giants,60,0.04477611940298507,0.15422885572139303,0.19900497512437812,0.6368159203980099,0.2736318407960199,18.895163146458927,"
"
"Ronning, Ty",Giants,70,0.2663755458515284,0.10043668122270742,0.36681222707423583,1.480349344978166,0.24890829694323144,20.410771346882914,"
"
"Morrison, Brad",Giants,42,0.07236842105263158,0.15789473684210525,0.23026315789473684,0.6118421052631579,0.4144736842105263,21.014988616544095,"
"
"Morrison, Brad",Hurricanes,31,0.1568627450980392,0.22549019607843138,0.38235294117647056,0.7352941176470589,0.38235294117647056,21.20709524156449,"
"
"Torzsok, Hunor",Giants,25,0.01639344262295082,0.01639344262295082,0.03278688524590164,0.3442622950819672,0.21311475409836064,18.125961789203018,"
"
"McNabb, Cyle",Giants,61,0.005208333333333333,0.036458333333333336,0.041666666666666664,0.171875,0.07291666666666667,17.507483190687285,"
"
"Malm, James",Giants,72,0.08225108225108226,0.20346320346320346,0.2857142857142857,1.0346320346320346,0.19913419913419914,18.735522675303642,"
"
"Hardy, Owen",Giants,56,0.05789473684210526,0.06315789473684211,0.12105263157894737,0.5736842105263158,0.2736842105263158,19.09665049446061,"
"
"Holt, Dawson",Giants,65,0.06,0.11,0.17,0.51,0.3,19.08894733283654,"
"
"Barfoot, Aidan",Giants,47,0.032467532467532464,0.012987012987012988,0.045454545454545456,0.2012987012987013,0.14285714285714285,16.77583744116278,"
"
"Ho, Tyler",Giants,57,0.0056179775280898875,0.0449438202247191,0.05056179775280899,0.20786516853932585,0.0898876404494382,17.453979243213467,"
"
"Barberis, Matt",Giants,56,0.015957446808510637,0.14361702127659576,0.1595744680851064,0.7127659574468085,0.4627659574468085,20.163281309398098,"
"
"Bulych, Kaleb",Giants,63,0.004807692307692308,0.038461538461538464,0.04326923076923077,0.25,0.125,18.149041910590263,"
"
"Semchuk, Brendan",Giants,33,0.06722689075630252,0.09243697478991597,0.15966386554621848,0.4789915966386555,0.29411764705882354,18.816637424001314,"
"
"Semchuk, Brendan",Oil Kings,16,0.0975609756097561,0.07317073170731707,0.17073170731707318,0.6097560975609756,0.14634146341463414,19.012351759819133,"
"
"Skeoch, Darian",Giants,59,0.010416666666666666,0.020833333333333332,0.03125,0.3541666666666667,0.796875,20.995794097000076,"
"
"Watts, Brayden",Giants,70,0.07456140350877193,0.09649122807017543,0.17105263157894737,0.4517543859649123,0.08771929824561403,19.071045350607285,"
"
"Roman, Milos",Giants,39,0.07352941176470588,0.16176470588235295,0.23529411764705882,0.5661764705882353,0.07352941176470588,18.362203452900705,"
"
"Kannok Leipert, Alex",Giants,60,0.024630541871921183,0.07881773399014778,0.10344827586206896,0.3645320197044335,0.2561576354679803,17.653322877971128,"
"
"Byram, Bowen",Giants,60,0.03260869565217391,0.11413043478260869,0.14673913043478262,0.4945652173913043,0.2826086956521739,16.761456309511324,"
"
"Hilsendager, James",Rockets,54,0.028846153846153848,0.08653846153846154,0.11538461538461539,0.4182692307692308,0.46634615384615385,20.976010230515968,"
"
"Ballhorn, Gordie",Rockets,72,0.02158273381294964,0.12949640287769784,0.1510791366906475,0.5575539568345323,0.35611510791366907,20.546000614325145,"
"
"Belcourt, Konrad",Rockets,20,0.013157894736842105,0.02631578947368421,0.039473684210526314,0.11842105263157894,0.10526315789473684,17.618758355754693,"
"
"Belcourt, Konrad",Raiders,20,0.0,0.0,0.0,0.16883116883116883,0.12987012987012986,17.862425707464347,"
"
"Korczak, Kaedan",Rockets,67,0.011583011583011582,0.05019305019305019,0.06177606177606178,0.35135135135135137,0.16988416988416988,17.135041710215557,"
"
"Zabransky, Libor",Rockets,72,0.007194244604316547,0.06115107913669065,0.0683453237410072,0.4784172661870504,0.1223021582733813,17.814493765010077,"
"
"Cowell, Jack",Rockets,71,0.036101083032490974,0.08664259927797834,0.12274368231046931,0.4404332129963899,0.08664259927797834,18.88298691569501,"
"
"Brennan, Ted",Rockets,65,0.003937007874015748,0.031496062992125984,0.03543307086614173,0.11811023622047244,0.08267716535433071,18.140521162266957,"
"
"Kushniryk, Wil",Rockets,51,0.010810810810810811,0.016216216216216217,0.02702702702702703,0.16216216216216217,0.08108108108108109,18.12911645724158,"
"
"Soustal, Tomas",Rockets,3,0.07142857142857142,0.07142857142857142,0.14285714285714285,0.5,0.8571428571428571,20.623972602739727,"
"
"Soustal, Tomas",Oil Kings,66,0.11602209944751381,0.2154696132596685,0.3314917127071823,0.8397790055248618,0.6795580110497238,21.09318956488402,"
"
"Lind, Kole",Rockets,58,0.16810344827586207,0.2413793103448276,0.40948275862068967,0.9827586206896551,0.3232758620689655,19.422128016708932,"
"
"Bruggen-Cate, Conner",Rockets,70,0.06741573033707865,0.10112359550561797,0.16853932584269662,0.46441947565543074,0.23595505617977527,18.515863628023776,"
"
"Chizen, Braydyn",Rockets,61,0.02553191489361702,0.05531914893617021,0.08085106382978724,0.32340425531914896,0.3574468085106383,19.859124516321526,"
"
"McGauley, Colum",Rockets,47,0.0106951871657754,0.0,0.0106951871657754,0.0427807486631016,0.0748663101604278,18.01318147236107,"
"
"Topping, Kyle",Rockets,66,0.0859375,0.16796875,0.25390625,0.70703125,0.2578125,18.334535892151816,"
"
"Foote, Cal",Rockets,60,0.07983193277310924,0.21428571428571427,0.29411764705882354,0.6470588235294118,0.23529411764705882,19.26320836476056,"
"
"Kindree, Liam",Rockets,50,0.04145077720207254,0.09844559585492228,0.13989637305699482,0.34196891191709844,0.12435233160621761,18.21175014062812,"
"
"Mattson, Leif",Rockets,63,0.1016260162601626,0.14227642276422764,0.24390243902439024,0.5487804878048781,0.08943089430894309,18.658329381448432,"
"
"Foote, Nolan",Rockets,50,0.06310679611650485,0.13106796116504854,0.1941747572815534,0.6310679611650486,0.15048543689320387,17.274767678451134,"
"
"Harrison, Devan",Blazers,53,0.006535947712418301,0.0196078431372549,0.026143790849673203,0.20261437908496732,0.10457516339869281,18.200558992308917,"
"
"Ludwar, Tylor",Blazers,53,0.006711409395973154,0.013422818791946308,0.020134228187919462,0.2348993288590604,0.6174496644295302,18.518310082364614,"
"
"Zazula, Luke",Blazers,48,0.02112676056338028,0.02112676056338028,0.04225352112676056,0.5633802816901409,0.5774647887323944,17.735177546863774,"
"
"Shepard, Jackson",Blazers,72,0.04285714285714286,0.06190476190476191,0.10476190476190476,0.6142857142857143,0.18571428571428572,18.05535353924931,"
"
"Sigrist, Justin",Blazers,50,0.02027027027027027,0.0472972972972973,0.06756756756756757,0.3783783783783784,0.08783783783783784,18.915608583384856,"
"
"Mahovlich, Scott",Blazers,14,0.0,0.0196078431372549,0.0196078431372549,0.09803921568627451,0.5098039215686274,18.60024848833476,"
"
"Mahovlich, Scott",Pats,30,0.0,0.02857142857142857,0.02857142857142857,0.2857142857142857,0.38095238095238093,18.915154060803047,"
"
"Holowko, Nic",Blazers,7,0.2,0.06666666666666667,0.26666666666666666,1.0,0.13333333333333333,20.28728595890411,"
"
"Holowko, Nic",Cougars,10,0.030303030303030304,0.12121212121212122,0.15151515151515152,0.7878787878787878,0.2727272727272727,20.539506635273973,"
"
"Chyzowski, Nick",Blazers,72,0.09523809523809523,0.12380952380952381,0.21904761904761905,0.9666666666666667,0.1523809523809524,20.79507956664657,"
"
"Stuart, Brodi",Blazers,70,0.07766990291262135,0.10679611650485436,0.18446601941747573,1.0048543689320388,0.2621359223300971,18.025216552843993,"
"
"Zary, Connor",Blazers,68,0.057291666666666664,0.09375,0.15104166666666666,0.84375,0.1875,16.480011073495888,"
"
"Benjafield, Quinn",Blazers,69,0.0945273631840796,0.13930348258706468,0.23383084577114427,0.8706467661691543,0.16417910447761194,20.12658641596164,"
"
"Smith, Luc",Blazers,62,0.11290322580645161,0.12365591397849462,0.23655913978494625,0.7365591397849462,0.6236559139784946,20.16216379611142,"
"
"Kneen, Nolan",Blazers,68,0.035897435897435895,0.15384615384615385,0.18974358974358974,0.6871794871794872,0.48717948717948717,18.9950787341065,"
"
"Loewen, Jermaine",Blazers,66,0.1836734693877551,0.14285714285714285,0.32653061224489793,0.9438775510204082,0.5612244897959183,20.167682306372598,"
"
"Denomie, Carson",Blazers,66,0.03225806451612903,0.06989247311827956,0.10215053763440861,0.3655913978494624,0.10752688172043011,18.143024772126026,"
"
"Gatenby, Joe",Blazers,72,0.06190476190476191,0.21904761904761905,0.28095238095238095,0.7952380952380952,0.23333333333333334,20.84713436116712,"
"
"Pilon, Garrett",Blazers,39,0.15517241379310345,0.22413793103448276,0.3793103448275862,1.7672413793103448,0.3793103448275862,19.73797570146892,"
"
"Pilon, Garrett",Silvertips,30,0.1523809523809524,0.19047619047619047,0.34285714285714286,1.3142857142857143,0.13333333333333333,19.934778609825933,"
"
"Vala, Ondrej",Blazers,31,0.07291666666666667,0.13541666666666666,0.20833333333333334,0.90625,0.3125,19.67246450755031,"
"
"Vala, Ondrej",Silvertips,28,0.0,0.07766990291262135,0.07766990291262135,0.7281553398058253,0.27184466019417475,19.931580192728404,"
"
"Cullen, Lucas",Hitmen,7,0.0,0.05555555555555555,0.05555555555555555,0.16666666666666666,0.0,18.4666095890411,"
"
"Campbell, Hunter",Hitmen,59,0.022727272727272728,0.03977272727272727,0.0625,0.23863636363636365,0.14204545454545456,17.14339693339123,"
"
"Viggars, Andrew",Hitmen,39,0.0,0.0390625,0.0390625,0.203125,0.2265625,18.20838423208405,"
"
"Russell, Bobby",ICE,41,0.008771929824561403,0.05263157894736842,0.06140350877192982,0.41228070175438597,0.20175438596491227,17.986216113355745,"
"
"Kelly, Parker",Raiders,69,0.12446351931330472,0.12875536480686695,0.2532188841201717,0.927038626609442,0.51931330472103,18.84701130606254,"
"
"Schuldhaus, Brandon",Rebels,37,0.0,0.11650485436893204,0.11650485436893204,0.5145631067961165,0.2815533980582524,19.86440581460583,"
"
"Schuldhaus, Brandon",Warriors,27,0.06956521739130435,0.06086956521739131,0.13043478260869565,0.4434782608695652,0.17391304347826086,20.05022028684616,"
"
"Alexeyev, Alexander",Rebels,45,0.05426356589147287,0.23255813953488372,0.2868217054263566,0.6124031007751938,0.2248062015503876,18.293435147860208,"
"
"Barteaux, Dawson",Rebels,63,0.016129032258064516,0.15053763440860216,0.16666666666666666,0.44086021505376344,0.11827956989247312,18.18076174606854,"
"
"Sakowich, Ethan",Rebels,71,0.0,0.049019607843137254,0.049019607843137254,0.35294117647058826,0.36764705882352944,19.117748047438404,"
"
"Sass, Carson",Rebels,71,0.004901960784313725,0.0392156862745098,0.04411764705882353,0.28431372549019607,0.19117647058823528,18.824597362506896,"
"
"Herauf, Jacob",Rebels,69,0.010256410256410256,0.08205128205128205,0.09230769230769231,0.31794871794871793,0.18461538461538463,17.838295992643886,"
"
"McCarty, Mason",Rebels,68,0.185,0.18,0.365,1.1,0.45,21.134126231859625,"
"
"Douglas, Chris",Rebels,71,0.04411764705882353,0.029411764705882353,0.07352941176470588,0.37254901960784315,0.25980392156862747,17.698569965246623,"
"
"Pratt, Austin",Rebels,39,0.06542056074766354,0.08411214953271028,0.14953271028037382,1.0373831775700935,0.14018691588785046,18.441829193377487,"
"
"Pratt, Austin",Pats,21,0.0,0.047619047619047616,0.047619047619047616,0.39285714285714285,0.27380952380952384,18.6383014234778,"
"
"Pawlenchuk, Grayson",Rebels,71,0.08823529411764706,0.16666666666666666,0.2549019607843137,0.946078431372549,0.24019607843137256,20.99172065017813,"
"
"Johnson, Reese",Rebels,71,0.11274509803921569,0.0784313725490196,0.19117647058823528,0.7107843137254902,0.19607843137254902,19.690350787164434,"
"
"Cutler, Brandon",Rebels,67,0.025906735751295335,0.025906735751295335,0.05181347150259067,0.38341968911917096,0.5284974093264249,18.20267955428772,"
"
"Zablocki, Lane",Rebels,31,0.10588235294117647,0.11764705882352941,0.2235294117647059,0.8705882352941177,0.6941176470588235,18.954848847101914,"
"
"Zablocki, Lane",Hurricanes,9,0.0625,0.125,0.1875,0.6875,0.375,19.042529965753424,"
"
"Zablocki, Lane",Royals,25,0.010638297872340425,0.05319148936170213,0.06382978723404255,0.5425531914893617,0.6808510638297872,19.219247847223933,"
"
"Bains, Akash",Rebels,18,0.0,0.07142857142857142,0.07142857142857142,0.08928571428571429,0.10714285714285714,18.73339929450048,"
"
"Bains, Akash",Silvertips,15,0.031746031746031744,0.015873015873015872,0.047619047619047616,0.2698412698412698,0.031746031746031744,18.875496976669517,"
"
"Reichel, Kristian",Rebels,62,0.18579234972677597,0.12568306010928962,0.3114754098360656,1.2295081967213115,0.22950819672131148,19.761523492065958,"
"
"Hagel, Brandon",Rebels,55,0.10650887573964497,0.23668639053254437,0.3431952662721893,1.0236686390532543,0.3254437869822485,19.550564587617966,"
"
"Schellenberg, Austin",Rebels,45,0.014925373134328358,0.007462686567164179,0.022388059701492536,0.3582089552238806,0.05970149253731343,17.623833545451543,"
"
"Dmytriw, Jared",Rebels,26,0.08,0.04,0.12,0.7066666666666667,0.13333333333333333,19.478450778494143,"
"
"Dmytriw, Jared",Giants,45,0.06818181818181818,0.06060606060606061,0.12878787878787878,0.75,0.09848484848484848,19.787577469824193,"
"
"Warm, Will",Oil Kings,53,0.007142857142857143,0.07857142857142857,0.08571428571428572,0.5857142857142857,0.42857142857142855,18.814001447531467,"
"
"Platz, Jayden",Oil Kings,54,0.006944444444444444,0.013888888888888888,0.020833333333333332,0.20833333333333334,0.06944444444444445,17.871271350757482,"
"
"McLeod, Wyatt",Oil Kings,49,0.013605442176870748,0.04081632653061224,0.05442176870748299,0.36054421768707484,0.25170068027210885,18.145244357458708,"
"
"Cap, Ethan",Oil Kings,72,0.024875621890547265,0.03482587064676617,0.05970149253731343,0.30845771144278605,0.17412935323383086,17.92332655118539,"
"
"Baltruk, Artyom",Oil Kings,3,0.0,0.0,0.0,0.15384615384615385,0.15384615384615385,18.411643835616438,"
"
"Gruninger, Tyson",Oil Kings,8,0.0,0.03571428571428571,0.03571428571428571,0.42857142857142855,0.25,19.112863869863013,"
"
"Bowman, Nick",Oil Kings,56,0.0379746835443038,0.0379746835443038,0.0759493670886076,0.33544303797468356,0.16455696202531644,18.018570871120296,"
"
"Murray, Davis",Oil Kings,45,0.007407407407407408,0.02962962962962963,0.037037037037037035,0.2740740740740741,0.4444444444444444,18.50140873166964,"
"
"Atkinson, Scott",Oil Kings,48,0.013986013986013986,0.06293706293706294,0.07692307692307693,0.38461538461538464,0.2727272727272727,17.70137873635266,"
"
"Koch, Davis",Oil Kings,40,0.16666666666666666,0.19444444444444445,0.3611111111111111,1.0,0.018518518518518517,19.576570506575194,"
"
"Koch, Davis",Giants,28,0.056338028169014086,0.2112676056338028,0.2676056338028169,0.6056338028169014,0.08450704225352113,19.768399387679686,"
"
"Mohr, Kobe",Oil Kings,58,0.06918238993710692,0.1069182389937107,0.1761006289308176,0.5534591194968553,0.46540880503144655,18.808258058012683,"
"
"Robertson, Matthew",Oil Kings,67,0.03804347826086957,0.09239130434782608,0.13043478260869565,0.6902173913043478,0.29347826086956524,17.030175864381956,"
"
"Kehler, Colton",Oil Kings,71,0.16080402010050251,0.09547738693467336,0.2562814070351759,1.065326633165829,0.5276381909547738,20.731545729266593,"
"
"Pavlenko, Andrei",Oil Kings,20,0.05084745762711865,0.01694915254237288,0.06779661016949153,0.4915254237288136,0.2033898305084746,17.611940948277304,"
"
"Fix-Wolansky, Trey",Oil Kings,71,0.16080402010050251,0.2864321608040201,0.4472361809045226,1.050251256281407,0.507537688442211,18.8190846092201,"
"
"Harris, Brian",Oil Kings,49,0.014814814814814815,0.007407407407407408,0.022222222222222223,0.25925925925925924,0.14074074074074075,19.20693965854652,"
"
"McDonald, Conner",Oil Kings,71,0.05,0.16,0.21,0.985,0.53,18.80551641037592,"
"
"Gerla, Ty",Oil Kings,59,0.0189873417721519,0.0949367088607595,0.11392405063291139,0.44936708860759494,0.31645569620253167,18.660365296446056,"
"
"Muir, Cole",Pats,12,0.0,0.023809523809523808,0.023809523809523808,0.11904761904761904,0.0,16.726284246575343,"
"
"Muir, Cole",ICE,39,0.01834862385321101,0.027522935779816515,0.045871559633027525,0.24770642201834864,0.07339449541284404,17.039303864933913,"
"
"Creta, Marco",Pats,33,0.00980392156862745,0.0392156862745098,0.049019607843137254,0.1568627450980392,0.4019607843137255,17.752244107899806,"
"
"Robins, Tristen",Pats,1,0.0,0.0,0.0,0.0,0.0,15.865753424657534,"
"
"Robins, Tristen",Blades,3,0.0,0.1,0.1,0.1,0.0,16.17739726027397,"
"
"Wegleitner, Gunnar",Wheat Kings,57,0.046296296296296294,0.041666666666666664,0.08796296296296297,0.30092592592592593,0.08796296296296297,19.859673865702504,"
"
"Russell, Zach",Wheat Kings,1,0.0,0.3333333333333333,0.3333333333333333,0.0,0.6666666666666666,18.304109589041097,"
"
"Quenneville, David",Tigers,70,0.10276679841897234,0.2134387351778656,0.31620553359683795,1.2411067193675889,0.22924901185770752,20.01960126674559,"
"
"Longo, Trevor",Tigers,22,0.0,0.05405405405405406,0.05405405405405406,0.0945945945945946,0.0945945945945946,17.894892009317058,"
"
"Stafford, Brendan",Hurricanes,35,0.009433962264150943,0.03773584905660377,0.04716981132075472,0.16981132075471697,0.16981132075471697,17.97400319665887,"
"
"Adrian, Chance",Cougars,39,0.009259259259259259,0.018518518518518517,0.027777777777777776,0.2037037037037037,0.12037037037037036,18.258143343192536,"
"
"Bethune, Jared",Cougars,70,0.09569377990430622,0.22966507177033493,0.3253588516746411,0.8708133971291866,0.44976076555023925,21.162704577706393,"
"
"Feist, Tyson",Chiefs,8,0.0,0.0,0.0,0.0,0.07142857142857142,17.060380993150684,"
"
"Chenier, Cedric",Chiefs,37,0.015037593984962405,0.03007518796992481,0.045112781954887216,0.22556390977443608,0.08270676691729323,18.114093803344588,"
"
"Kichton, Marcus",Giants,34,0.0,0.00980392156862745,0.00980392156862745,0.10784313725490197,0.058823529411764705,19.181428174909893,"
"
"Miller, Erik",Blazers,7,0.0,0.06666666666666667,0.06666666666666667,0.6,0.26666666666666666,18.601155821917807,"
"
"Appelt, Ryley",Blazers,58,0.022598870056497175,0.022598870056497175,0.04519774011299435,0.21468926553672316,0.24293785310734464,18.140285038979655,"
"
"Schmiemann, Quinn",Blazers,3,0.0,0.0,0.0,1.0,0.0,16.381506849315066,"
"
"Pow, Kyle",Rockets,36,0.0,0.022388059701492536,0.022388059701492536,0.05223880597014925,0.5149253731343284,17.958265428079535,"
"
"Walker, Ian",Silvertips,67,0.004405286343612335,0.030837004405286344,0.03524229074889868,0.24669603524229075,0.15859030837004406,18.17313468964938,"
"
"Onyebuchi, Montana",Silvertips,38,0.025,0.058333333333333334,0.08333333333333333,0.575,1.0416666666666667,17.836682357185552,"
"
"Onyebuchi, Montana",Blazers,24,0.013888888888888888,0.08333333333333333,0.09722222222222222,0.3055555555555556,0.75,17.98388316174076,"
"
"Fasko-Rudas, Martin",Silvertips,70,0.02586206896551724,0.03879310344827586,0.06465517241379311,0.33189655172413796,0.09482758620689655,17.601064068942417,"
"
"Bajkov, Patrick",Silvertips,72,0.13524590163934427,0.27459016393442626,0.4098360655737705,1.0450819672131149,0.27049180327868855,20.3101210755671,"
"
"Butt, Dawson",Silvertips,45,0.006756756756756757,0.013513513513513514,0.02027027027027027,0.25,0.7027027027027027,17.606502025053068,"
"
"Centazzo, Orrin",Silvertips,40,0.047619047619047616,0.03968253968253968,0.0873015873015873,0.4444444444444444,0.14285714285714285,17.72709332658927,"
"
"Centazzo, Orrin",Blazers,32,0.053763440860215055,0.10752688172043011,0.16129032258064516,0.7204301075268817,0.17204301075268819,17.9211069639096,"
"
"Liwiski, Mark",Silvertips,10,0.0,0.0,0.0,0.1935483870967742,0.9354838709677419,16.22697452910959,"
"
"Sutter, Riley",Silvertips,68,0.11061946902654868,0.12389380530973451,0.2345132743362832,0.7566371681415929,0.30973451327433627,18.400532032286858,"
"
"Richards, Sean",Silvertips,64,0.09009009009009009,0.13063063063063063,0.22072072072072071,0.536036036036036,0.4864864864864865,19.260805405851016,"
"
"Fonteyne, Matt",Silvertips,72,0.14344262295081966,0.21721311475409835,0.36065573770491804,1.1065573770491803,0.13114754098360656,20.30190189748491,"
"
"Hein, Brandson",Silvertips,30,0.01904761904761905,0.01904761904761905,0.0380952380952381,0.2571428571428571,0.0761904761904762,19.288102728296835,"
"
"Kindopp, Bryce",Silvertips,72,0.09836065573770492,0.04918032786885246,0.14754098360655737,0.6598360655737705,0.040983606557377046,18.764915596115046,"
"
"Christiansen, Jake",Silvertips,72,0.02459016393442623,0.10245901639344263,0.12704918032786885,0.6885245901639344,0.08196721311475409,18.518340253649292,"
"
"Fairbrother, Gianni",Silvertips,33,0.0196078431372549,0.029411764705882353,0.049019607843137254,0.5392156862745098,0.5882352941176471,17.462534505236025,"
"
"Vitelli, Reece",Silvertips,70,0.008333333333333333,0.03333333333333333,0.041666666666666664,0.2125,0.041666666666666664,16.704641623474526,"
"
"Wylie, Wyatte",Silvertips,72,0.02459016393442623,0.10245901639344263,0.12704918032786885,0.6147540983606558,0.11885245901639344,18.378614226252033,"
"
"Davis, Kevin",Silvertips,71,0.0411522633744856,0.22633744855967078,0.2674897119341564,0.7325102880658436,0.0411522633744856,21.016970390635592,"
"
"Dewar, Connor",Silvertips,68,0.1645021645021645,0.12987012987012986,0.2943722943722944,1.155844155844156,0.20346320346320346,18.732038883786277,"
"
"MacEachern, Conor",Winterhawks,62,0.012658227848101266,0.05063291139240506,0.06329113924050633,0.18143459915611815,0.25738396624472576,19.28335944624157,"
"
"Quigley, Matthew",Winterhawks,68,0.007751937984496124,0.07751937984496124,0.08527131782945736,0.34108527131782945,0.15503875968992248,19.20938684114754,"
"
"Glass, Cody",Winterhawks,64,0.14859437751004015,0.26104417670682734,0.40963855421686746,1.0562248995983936,0.10441767068273092,18.971030671475706,"
"
"Gilliss, Lane",Winterhawks,65,0.028112449799196786,0.05220883534136546,0.08032128514056225,0.3453815261044177,0.1566265060240964,18.469660815935903,"
"
"Sharp, Bronson",Winterhawks,38,0.013793103448275862,0.006896551724137931,0.020689655172413793,0.2827586206896552,0.11724137931034483,18.03672830932712,"
"
"Sharp, Bronson",Silvertips,11,0.0,0.0,0.0,0.1951219512195122,0.0975609756097561,18.21349529109589,"
"
"Gricius, Jake",Winterhawks,69,0.049429657794676805,0.04182509505703422,0.09125475285171103,0.5627376425855514,0.22433460076045628,18.436784103718963,"
"
"Jokiharju, Henri",Winterhawks,63,0.04878048780487805,0.23983739837398374,0.2886178861788618,0.8577235772357723,0.056910569105691054,18.760071774991093,"
"
"Overhardt, Alex",Winterhawks,70,0.056179775280898875,0.09363295880149813,0.149812734082397,0.6779026217228464,0.35580524344569286,21.173848743870458,"
"
"Hughes, Ryan",Winterhawks,46,0.09289617486338798,0.13114754098360656,0.22404371584699453,0.6775956284153005,0.4098360655737705,18.650482733762743,"
"
"Blichfeld, Joachim",Winterhawks,56,0.11214953271028037,0.14953271028037382,0.2616822429906542,1.074766355140187,0.2850467289719626,19.677879982617178,"
"
"De Jong, Brendan",Winterhawks,68,0.023715415019762844,0.07509881422924901,0.09881422924901186,0.49407114624505927,0.2608695652173913,19.99137642672975,"
"
"Bellows, Kieffer",Winterhawks,56,0.18061674008810572,0.14537444933920704,0.32599118942731276,1.2070484581497798,0.32158590308370044,19.77924984585641,"
"
"Colina, Ilijah",Winterhawks,37,0.02112676056338028,0.08450704225352113,0.1056338028169014,0.3732394366197183,0.07042253521126761,17.89699805945406,"
"
"Colina, Ilijah",Cougars,28,0.10256410256410256,0.10256410256410256,0.20512820512820512,0.5641025641025641,0.0,18.082600936273188,"
"
"Clayton, Brett",Winterhawks,1,0.0,0.0,0.0,0.14285714285714285,0.0,18.84931506849315,"
"
"Clayton, Brett",Americans,59,0.01951219512195122,0.02926829268292683,0.04878048780487805,0.2731707317073171,0.24390243902439024,19.32416877563105,"
"
"Ginnell, Brad",Winterhawks,25,0.04672897196261682,0.056074766355140186,0.102803738317757,0.40186915887850466,0.2523364485981308,17.445989783006173,"
"
"Ginnell, Brad",ICE,35,0.02912621359223301,0.04854368932038835,0.07766990291262135,0.34951456310679613,0.13592233009708737,17.704245413102093,"
"
"McKenzie, Skyler",Winterhawks,72,0.17216117216117216,0.14652014652014653,0.31868131868131866,0.9816849816849816,0.23443223443223443,20.165551227063506,"
"
"Texeira, Keoni",Winterhawks,64,0.036885245901639344,0.09836065573770492,0.13524590163934427,0.38524590163934425,0.1762295081967213,20.992948487327,"
"
"Hanus, Clay",Winterhawks,56,0.0,0.027522935779816515,0.027522935779816515,0.3440366972477064,0.18807339449541285,16.982259578981264,"
"
"Strand, Austin",Thunderbirds,68,0.1091703056768559,0.16593886462882096,0.27510917030567683,0.868995633187773,0.37117903930131,21.085727282221065,"
"
"McNelly, Cade",Thunderbirds,14,0.0,0.0,0.0,0.13953488372093023,1.0465116279069768,16.13358104130993,"
"
"Tyszka, Jarret",Thunderbirds,69,0.03404255319148936,0.13617021276595745,0.1702127659574468,0.5829787234042553,0.39574468085106385,19.014494405508756,"
"
"Hyman, Aaron",Thunderbirds,26,0.011904761904761904,0.07142857142857142,0.08333333333333333,0.2261904761904762,0.2976190476190476,19.722312989626843,"
"
"Hyman, Aaron",Pats,28,0.01904761904761905,0.0380952380952381,0.05714285714285714,0.29523809523809524,0.09523809523809523,19.918547917861645,"
"
"Harsch, Reece",Thunderbirds,52,0.054945054945054944,0.08241758241758242,0.13736263736263737,0.4065934065934066,0.1978021978021978,19.1980270754113,"
"
"Brown, Elijah",Thunderbirds,13,0.023255813953488372,0.09302325581395349,0.11627906976744186,0.23255813953488372,0.046511627906976744,17.82260006421233,"
"
"Brown, Elijah",Tigers,30,0.0707070707070707,0.1111111111111111,0.18181818181818182,0.47474747474747475,0.08080808080808081,18.202986817898818,"
"
"Katzalay, Holden",Thunderbirds,58,0.0,0.01020408163265306,0.01020408163265306,0.12755102040816327,0.10714285714285714,18.18435741915276,"
"
"Bargar, Blake",Thunderbirds,58,0.05641025641025641,0.06666666666666667,0.12307692307692308,0.46153846153846156,0.4153846153846154,19.965567187989357,"
"
"Philp, Noah",Thunderbirds,71,0.058333333333333334,0.15,0.20833333333333334,0.525,0.125,19.551480706878618,"
"
"Moilanen, Sami",Thunderbirds,49,0.1286549707602339,0.1286549707602339,0.2573099415204678,0.7953216374269005,0.28654970760233917,19.156831607021672,"
"
"Neuls, Donovan",Thunderbirds,71,0.09166666666666666,0.225,0.31666666666666665,0.6666666666666666,0.2,20.403535501399165,"
"
"Andrusiak, Zack",Thunderbirds,71,0.14583333333333334,0.15833333333333333,0.30416666666666664,0.8,0.08333333333333333,19.693946460303273,"
"
"Wedman, Matthew",Thunderbirds,71,0.07083333333333333,0.125,0.19583333333333333,0.75,0.3541666666666667,18.81997385756355,"
"
"Hamaliuk, Dillon",Thunderbirds,71,0.058333333333333334,0.1,0.15833333333333333,0.6083333333333333,0.2916666666666667,17.384357419207383,"
"
"Ormsby, Luke",Thunderbirds,11,0.0,0.0,0.0,0.125,0.375,18.701359160958905,"
"
"Ormsby, Luke",Silvertips,45,0.012121212121212121,0.024242424242424242,0.03636363636363636,0.3090909090909091,0.3090909090909091,19.08072127562883,"
"
"Lee, Jake",Thunderbirds,63,0.018691588785046728,0.028037383177570093,0.04672897196261682,0.2616822429906542,0.4439252336448598,16.68297532642847,"
"
"Volcan, Nolan",Thunderbirds,70,0.1350210970464135,0.18565400843881857,0.3206751054852321,1.0042194092827004,0.2616033755274262,19.71038475192879,"
"
"Huo, Samuel",Thunderbirds,66,0.013392857142857142,0.013392857142857142,0.026785714285714284,0.2857142857142857,0.12946428571428573,16.682987556193687,"
"
"Krebs, Dakota",Americans,37,0.0,0.061068702290076333,0.061068702290076333,0.2900763358778626,0.3816793893129771,18.78849517887403,"
"
"Krebs, Dakota",Hitmen,32,0.041666666666666664,0.041666666666666664,0.08333333333333333,0.34375,0.20833333333333334,18.987238944858976,"
"
"Kalinichenko, Roman",Americans,43,0.006622516556291391,0.059602649006622516,0.06622516556291391,0.23178807947019867,0.4105960264900662,17.692097618584945,"
"
"Sapego, Sergei",Americans,3,0.0,0.3333333333333333,0.3333333333333333,0.16666666666666666,0.0,17.986986301369864,"
"
"Sapego, Sergei",Raiders,41,0.029411764705882353,0.09558823529411764,0.125,0.23529411764705882,0.14705882352941177,18.44816314411205,"
"
"Coghlan, Dylan",Americans,69,0.07142857142857142,0.19327731092436976,0.2647058823529412,1.0294117647058822,0.39915966386554624,20.080333159192694,"
"
"Topping, Jordan",Americans,71,0.15447154471544716,0.16666666666666666,0.32113821138211385,0.9796747967479674,0.43089430894308944,20.666634529055706,"
"
"Focht, Carson",Americans,37,0.04580152671755725,0.07633587786259542,0.12213740458015267,0.6183206106870229,0.21374045801526717,17.925481480243896,"
"
"Focht, Carson",Hitmen,32,0.07291666666666667,0.10416666666666667,0.17708333333333334,0.8958333333333334,0.20833333333333334,18.12422524622884,"
"
"Bouchard, Connor",Americans,59,0.01,0.03,0.04,0.235,0.32,17.01457973453502,"
"
"James, Maxwell",Americans,58,0.034653465346534656,0.06930693069306931,0.10396039603960396,0.5247524752475248,0.8514851485148515,20.935127679580603,"
"
"Yaremko, Nolan",Americans,69,0.0847457627118644,0.13983050847457626,0.2245762711864407,0.7033898305084746,0.4830508474576271,19.841976994801286,"
"
"Johnson, Isaac",Americans,67,0.07296137339055794,0.13304721030042918,0.20600858369098712,0.5107296137339056,0.1459227467811159,19.151566035905024,"
"
"Sawchuk, Riley",Americans,69,0.06224066390041494,0.03734439834024896,0.0995850622406639,0.35269709543568467,0.11203319502074689,19.006360556452968,"
"
"Jeri-Leon, Keltie",Americans,2,0.0,0.0,0.0,0.125,0.0,17.7,"
"
"Jeri-Leon, Keltie",Blazers,21,0.01694915254237288,0.03389830508474576,0.05084745762711865,0.3050847457627119,0.03389830508474576,17.96492224915387,"
"
"Jeri-Leon, Keltie",Hurricanes,30,0.061855670103092786,0.05154639175257732,0.1134020618556701,0.4742268041237113,0.08247422680412371,18.16491844362694,"
"
"Geekie, Morgan",Americans,67,0.12552301255230125,0.2217573221757322,0.3472803347280335,1.0167364016736402,0.17573221757322174,19.666634529019667,"
"
"Leason, Brett",Americans,12,0.024390243902439025,0.0,0.024390243902439025,0.2926829268292683,0.04878048780487805,18.48377434717466,"
"
"Leason, Brett",Raiders,54,0.08196721311475409,0.09289617486338798,0.17486338797814208,0.6284153005464481,0.13114754098360656,18.857790111469857,"
"
"AuCoin, Parker",Americans,60,0.08173076923076923,0.10096153846153846,0.18269230769230768,0.5625,0.22115384615384615,19.63923726878169,"
"
"Mutala, Sasha",Americans,67,0.04700854700854701,0.0641025641025641,0.1111111111111111,0.3717948717948718,0.11965811965811966,16.869374255083105,"
"
"Gatenby, Dan",Americans,56,0.0,0.02127659574468085,0.02127659574468085,0.13829787234042554,0.24468085106382978,19.504990693439268,"
"
"Fuller, Landon",Americans,8,0.0,0.03571428571428571,0.03571428571428571,0.14285714285714285,0.35714285714285715,18.250749143835616,"
"
"Dawson, Jordan",Oil Kings,2,0.0,0.0,0.0,0.2,0.2,19.59315068493151,"
"
"Keeler, Liam",Oil Kings,60,0.018072289156626505,0.060240963855421686,0.0783132530120482,0.42168674698795183,0.0963855421686747,17.17258141999769,"
"
"Donohoe, Hunter",Rebels,49,0.02040816326530612,0.013605442176870748,0.034013605442176874,0.12244897959183673,0.10204081632653061,17.69568728751514,"
"
"Bruce, Riley",Silvertips,5,0.0,0.09090909090909091,0.09090909090909091,0.8181818181818182,1.2727272727272727,18.522260273972602,"
"
"Brown, Mitchell",Americans,53,0.011428571428571429,0.03428571428571429,0.045714285714285714,0.19428571428571428,0.19428571428571428,16.70021715063675,"
"
"Hobson, Jake",Broncos,9,0.0,0.0,0.0,0.09375,0.0625,18.340421660958903,"
"
"Regnier, Ethan",Broncos,56,0.009478672985781991,0.02843601895734597,0.037914691943127965,0.15639810426540285,0.05687203791469194,17.526412638916188,"
"
"Foster, Logan",Broncos,23,0.023809523809523808,0.011904761904761904,0.03571428571428571,0.19047619047619047,0.2976190476190476,18.37648881363542,"
"
"Mucenski, Aiden",Wheat Kings,1,0.0,0.0,0.0,0.0,0.5,17.884931506849316,"
"
"Clague, Kale",Wheat Kings,28,0.08264462809917356,0.30578512396694213,0.3884297520661157,0.7603305785123967,0.45454545454545453,19.521416283123298,"
"
"Clague, Kale",Warriors,26,0.00980392156862745,0.22549019607843138,0.23529411764705882,0.8823529411764706,0.0784313725490196,19.778984287422,"
"
"Daley, Caiden",Wheat Kings,69,0.027559055118110236,0.047244094488188976,0.07480314960629922,0.2874015748031496,0.04330708661417323,18.11869248995058,"
"
"Lowry, Chase",Rebels,2,0.0,0.0,0.0,0.0,0.0,17.42876712328767,"
"
"Kemp, Brett",Oil Kings,69,0.08854166666666667,0.09895833333333333,0.1875,0.5416666666666666,0.21875,17.9918197016314,"
"
"Riddle, Brennan",Hurricanes,37,0.007575757575757576,0.03787878787878788,0.045454545454545456,0.2803030303030303,0.2727272727272727,20.454944037850616,"
"
"Riddle, Brennan",Giants,30,0.0,0.0759493670886076,0.0759493670886076,0.5443037974683544,0.1518987341772152,20.647851442438487,"
"
"Flaman, Jack",Hurricanes,7,0.13333333333333333,0.06666666666666667,0.2,0.7333333333333333,0.26666666666666666,20.525128424657535,"
"
"Flaman, Jack",Rebels,14,0.05405405405405406,0.08108108108108109,0.13513513513513514,0.5675675675675675,0.05405405405405406,20.620917500535104,"
"
"Cox, Zachary",Hurricanes,57,0.010471204188481676,0.020942408376963352,0.031413612565445025,0.2774869109947644,0.08900523560209424,19.075975705684254,"
"
"Howden, Brett",Warriors,49,0.11822660098522167,0.2512315270935961,0.3694581280788177,0.6945812807881774,0.3054187192118227,19.976255206111823,"
"
"Mahura, Josh",Pats,60,0.10377358490566038,0.22169811320754718,0.32547169811320753,0.8962264150943396,0.19811320754716982,19.869972547952308,"
"
"Steel, Sam",Pats,54,0.171875,0.2604166666666667,0.4322916666666667,1.015625,0.19791666666666666,20.119287615815693,"
"
"Lowe, Tyler",Raiders,1,0.0,0.0,0.0,0.0,0.0,17.03013698630137,"
"
"Anderson-Dolan, Jaret",Chiefs,70,0.14705882352941177,0.1875,0.33455882352941174,1.0294117647058822,0.09926470588235294,18.522350436209727,"
"
"Toporowski, Luke",Chiefs,61,0.04149377593360996,0.05394190871369295,0.0954356846473029,0.42323651452282157,0.1908713692946058,16.938788792374112,"
"
"Atwal, Arjun",Blades,16,0.0,0.02040816326530612,0.02040816326530612,0.3877551020408163,0.08163265306122448,18.148475960509415,"
"
"White, Jaeger",Tigers,68,0.04132231404958678,0.09917355371900827,0.14049586776859505,0.4793388429752066,0.19834710743801653,19.96206703907933,"
"
"Fischer, Zach",Tigers,3,0.09090909090909091,0.0,0.09090909090909091,0.7272727272727273,1.1818181818181819,20.226712328767125,"
"
"Fischer, Zach",Chiefs,43,0.1206896551724138,0.08045977011494253,0.20114942528735633,0.9655172413793104,0.6896551724137931,20.572475790090383,"
"
"Gardiner, Erik",Rockets,31,0.06086956521739131,0.13043478260869565,0.19130434782608696,0.4956521739130435,0.2782608695652174,18.99805487840092,"
"
"Dube, Dillon",Rockets,53,0.18627450980392157,0.22549019607843138,0.4117647058823529,1.1519607843137254,0.35294117647058826,19.66323410217742,"
"
"Popowich, Tyler",Giants,64,0.03827751196172249,0.028708133971291867,0.06698564593301436,0.3253588516746411,0.14832535885167464,17.888947332837812,"
"
"King-Cunningham, Austin",Giants,5,0.0,0.0,0.0,0.047619047619047616,0.8095238095238095,17.34195205479452,"
"
"King-Cunningham, Austin",Americans,2,0.0,0.0,0.0,0.0,2.3333333333333335,17.563013698630137,"
"
"Strange, Sean",Blazers,52,0.0,0.05194805194805195,0.05194805194805195,0.2012987012987013,0.1038961038961039,18.148504177732363,"
"
"Walton, Travis",Blazers,52,0.02,0.02666666666666667,0.04666666666666667,0.38666666666666666,0.32,19.21425762102434,"
"
"Ottenbreit, Turner",Thunderbirds,64,0.04072398190045249,0.17194570135746606,0.21266968325791855,0.7149321266968326,0.6742081447963801,20.696686186330673,"
"
"Bryks, Graeme",Thunderbirds,10,0.029411764705882353,0.0,0.029411764705882353,0.11764705882352941,0.20588235294117646,17.122131849315068,"
"
"Harkins, Jonas",Cougars,14,0.0,0.02702702702702703,0.02702702702702703,0.16216216216216217,0.0,16.995049296339896,"
"
"Harkins, Jonas",Pats,7,0.0,0.0,0.0,0.08695652173913043,0.391304347826087,17.187457191780823,"
"
"Coppinger, Benjamin",Cougars,18,0.0,0.07017543859649122,0.07017543859649122,0.10526315789473684,0.03508771929824561,17.76545995424872,"
"
"Cholowski, Dennis",Cougars,37,0.1111111111111111,0.2222222222222222,0.3333333333333333,0.8461538461538461,0.11965811965811966,19.898380251097084,"
"
"Cholowski, Dennis",Winterhawks,32,0.00819672131147541,0.21311475409836064,0.22131147540983606,0.6639344262295082,0.14754098360655737,20.094318350354747,"
"
"King, Noah",Broncos,65,0.0,0.019762845849802372,0.019762845849802372,0.22134387351778656,0.11462450592885376,18.715850017596704,"
"
"Miller, Arthur",Broncos,3,0.0,0.13333333333333333,0.13333333333333333,0.4,0.0,20.38013698630137,"
"
"Rudakov, Fedor",Oil Kings,11,0.0,0.034482758620689655,0.034482758620689655,0.41379310344827586,0.27586206896551724,19.399050192636984,"
"
"Kaluski, Jaxan",Warriors,22,0.019417475728155338,0.009708737864077669,0.02912621359223301,0.14563106796116504,0.1262135922330097,18.663079907142954,"
"
"Kaluski, Jaxan",Thunderbirds,23,0.01282051282051282,0.01282051282051282,0.02564102564102564,0.23076923076923078,0.07692307692307693,18.895792413084475,"
"
"Krivokrasov, Nikita",Raiders,34,0.023809523809523808,0.0,0.023809523809523808,0.23015873015873015,0.2222222222222222,17.237186953358112,"
"
"Nachbaur, Justin",Raiders,66,0.04017857142857143,0.049107142857142856,0.08928571428571429,0.32589285714285715,0.32142857142857145,18.042683792408656,"
"
"Steele, Jaxon",Tigers,17,0.0,0.0,0.0,0.05970149253731343,0.0,17.460592567757384,"
"
"Kolle, Ty",Winterhawks,60,0.03153153153153153,0.03153153153153153,0.06306306306306306,0.33783783783783783,0.24324324324324326,17.940343713372265,"
"
"Briscoe, Ian",Thunderbirds,25,0.0,0.037037037037037035,0.037037037037037035,0.16049382716049382,0.2222222222222222,18.910097411397384,"
"
"Leslie, Jantzen",Blades,4,0.0,0.0,0.0,0.16666666666666666,0.2222222222222222,18.701712328767123,"
"
"Leslie, Jantzen",Oil Kings,20,0.017241379310344827,0.0,0.017241379310344827,0.3103448275862069,0.43103448275862066,19.000430893571412,"
"
"Hebig, Cameron",Blades,40,0.22900763358778625,0.21374045801526717,0.44274809160305345,1.5190839694656488,0.21374045801526717,20.97111787298979,"
"
"Hebig, Cameron",Pats,26,0.11,0.21,0.32,1.04,0.16,21.148164274186307,"
"
"Reagan, Brady",Hitmen,1,0.0,0.0,0.0,0.25,0.0,20.14246575342466,"
"
"Reagan, Brady",Blazers,65,0.010256410256410256,0.06153846153846154,0.07179487179487179,0.4307692307692308,0.441025641025641,20.597819292673968,"
"
"Streu, Sebastian",ICE,54,0.060810810810810814,0.02027027027027027,0.08108108108108109,0.3918918918918919,0.04054054054054054,18.30876232773091,"
"
"Välimäki, Juuso",Americans,42,0.09210526315789473,0.19078947368421054,0.28289473684210525,1.0921052631578947,0.21052631578947367,19.452935883170696,"
"
"Stewart, Samuel",Americans,10,0.0,0.0,0.0,0.17142857142857143,0.11428571428571428,17.332272046232877,"
"
"Olson, Kyle",Americans,35,0.031746031746031744,0.10317460317460317,0.1349206349206349,0.5079365079365079,0.24603174603174602,18.895344493943043,"
"
"Azhgirei, Pavel",Silvertips,4,0.0,0.1111111111111111,0.1111111111111111,0.2222222222222222,0.2222222222222222,17.269178082191782,"
"
"Azhgirei, Pavel",Cougars,15,0.024390243902439025,0.0,0.024390243902439025,0.21951219512195122,0.2682926829268293,17.545527711633135,"
"
"Smith, Matthew",Royals,65,0.012096774193548387,0.04032258064516129,0.05241935483870968,0.16532258064516128,0.03225806451612903,17.930873446522643,"
"
"Kope, David",Oil Kings,63,0.08139534883720931,0.06395348837209303,0.14534883720930233,0.563953488372093,0.09302325581395349,17.44104522565845,"
"
"Pouliot, Sam",Rebels,16,0.023809523809523808,0.0,0.023809523809523808,0.23809523809523808,0.2619047619047619,17.773496695740583,"
"
"Ludvig, John",Winterhawks,51,0.01098901098901099,0.027472527472527472,0.038461538461538464,0.18681318681318682,0.29120879120879123,17.62762030432311,"
"
"Weinger, Evan",Wheat Kings,64,0.1341991341991342,0.11255411255411256,0.24675324675324675,0.6623376623376623,0.14285714285714285,20.921432245809715,"
"
"Mannek, Mason",Winterhawks,58,0.04784688995215311,0.05741626794258373,0.10526315789473684,0.44019138755980863,0.1674641148325359,17.943133700963667,"
"
"Newkirk, Reece",Winterhawks,58,0.0392156862745098,0.014705882352941176,0.05392156862745098,0.27450980392156865,0.25,17.077879944194166,"
"
"Rasmussen, Michael",Americans,47,0.1781609195402299,0.16091954022988506,0.3390804597701149,0.8620689655172413,0.3448275862068966,18.92416877273425,"
"
"Skvrne, Marek",Rockets,69,0.015151515151515152,0.03409090909090909,0.04924242424242424,0.1856060606060606,0.06439393939393939,18.619973217064874,"
"
"Twarynski, Carsen",Rockets,68,0.17578125,0.10546875,0.28125,0.8203125,0.41796875,20.31391903686947,"
"
"Toporowski, Jake",Chiefs,1,0.0,0.0,0.0,0.6,0.4,19.635616438356163,"
"
"Bean, Jake",Hitmen,25,0.07142857142857142,0.3142857142857143,0.38571428571428573,1.2428571428571429,0.17142857142857143,19.5056731194666,"
"
"Bean, Jake",Americans,31,0.05660377358490566,0.12264150943396226,0.1792452830188679,0.839622641509434,0.09433962264150944,19.77896329618429,"
"
"Hunt, Daemon",Warriors,9,0.022727272727272728,0.022727272727272728,0.045454545454545456,0.06818181818181818,0.045454545454545456,15.761472602739726,"
"
"Schaufler, Loeden",ICE,31,0.0,0.06666666666666667,0.06666666666666667,0.2111111111111111,0.06666666666666667,17.87819671821972,"
"
"Rubins, Kristians",Tigers,60,0.03255813953488372,0.09302325581395349,0.12558139534883722,0.5209302325581395,0.16744186046511628,20.271546422116874,"
"
"Leschyshyn, Jake",Pats,64,0.08450704225352113,0.10328638497652583,0.18779342723004694,0.7417840375586855,0.3145539906103286,19.02813695437321,"
"
"Soy, Tyler",Royals,66,0.1422924901185771,0.22134387351778656,0.36363636363636365,0.6482213438735178,0.16600790513833993,21.10344209874581,"
"
"Reddekopp, Chaz",Royals,46,0.03910614525139665,0.1340782122905028,0.17318435754189945,0.4581005586592179,0.2905027932960894,21.20971154139992,"
"
"McGrew, Jake",Chiefs,65,0.07509881422924901,0.07509881422924901,0.15019762845849802,0.7233201581027668,0.09090909090909091,19.06755591566178,"
"
"Dhaliwal, Bailey",Giants,7,0.0,0.04,0.04,0.12,0.68,18.78232020547945,"
"
"Mole, Tanner",Broncos,3,0.0,0.0,0.0,0.0,0.0,18.551369863013697,"
"
"Taphorn, Kaeden",ICE,61,0.03278688524590164,0.03825136612021858,0.07103825136612021,0.34972677595628415,0.09289617486338798,18.205615282679567,"
"
"Hair, Kelvin",Rockets,30,0.0,0.0,0.0,0.08653846153846154,0.057692307692307696,17.837425969153234,"
"
"Browne, Ethan",Silvertips,8,0.0,0.047619047619047616,0.047619047619047616,0.19047619047619047,0.09523809523809523,16.48792808219178,"
"
"Browne, Ethan",Cougars,29,0.0125,0.1125,0.125,0.45,0.1,16.871984497314855,"
"
"Kope, Peter",Cougars,5,0.0,0.07142857142857142,0.07142857142857142,0.07142857142857142,0.2857142857142857,18.584075342465752,"
"
"Walker, Kyle",Silvertips,50,0.005649717514124294,0.02824858757062147,0.03389830508474576,0.2033898305084746,0.1864406779661017,17.657973592964666,"
"
"Roy, Jordan",Rebels,1,0.0,0.0,0.0,0.0,0.0,19.104109589041094,"
"
"Crosbie, Kyle",Rockets,1,0.0,0.0,0.0,0.3333333333333333,0.6666666666666666,16.660273972602738,"
"
"Kral, Filip",Chiefs,54,0.04205607476635514,0.12149532710280374,0.16355140186915887,0.4252336448598131,0.11214953271028037,18.41824084715234,"
"
"Mosher, Matthew",Blades,1,0.0,0.0,0.0,0.5,0.0,17.476712328767125,"
"
"Mosher, Matthew",Cougars,16,0.0,0.0,0.0,0.08,0.12,17.850617291176157,"
"
"Crossley, Austin",Raiders,19,0.0,0.04477611940298507,0.04477611940298507,0.1044776119402985,0.5671641791044776,18.52261870919842,"
"
"Crossley, Austin",Cougars,31,0.03488372093023256,0.023255813953488372,0.05813953488372093,0.3488372093023256,1.441860465116279,18.72160868730192,"
"
"Cicek, Nick",Winterhawks,7,0.0,0.0,0.0,0.3076923076923077,0.23076923076923078,17.61742294520548,"
"
"Hartje, Chase",Warriors,31,0.0,0.11333333333333333,0.11333333333333333,0.23333333333333334,0.06666666666666667,18.05723858340707,"
"
"Hartje, Chase",Wheat Kings,27,0.03296703296703297,0.054945054945054944,0.08791208791208792,0.3626373626373626,0.08791208791208792,18.255675792326667,"
"
"Terretta, Tyson",Thunderbirds,41,0.0,0.0072992700729927005,0.0072992700729927005,0.10218978102189781,0.08029197080291971,18.021135615115053,"
"
"Malukhin, Nikita",Thunderbirds,51,0.027932960893854747,0.0223463687150838,0.05027932960893855,0.2011173184357542,0.0670391061452514,17.677505018343563,"
"
"Craven, Joel",Tigers,33,0.008695652173913044,0.05217391304347826,0.06086956521739131,0.20869565217391303,0.10434782608695652,17.710791883481768,"
"
"Olson, Tate",Hurricanes,53,0.011049723756906077,0.12154696132596685,0.13259668508287292,0.6132596685082873,0.39226519337016574,20.965739295283342,"
"
"Orzeck, Nolan",ICE,8,0.0,0.03225806451612903,0.03225806451612903,0.12903225806451613,0.0,17.06434075342466,"
"
"Wiesblatt, Orca",Hitmen,49,0.030864197530864196,0.04938271604938271,0.08024691358024691,0.18518518518518517,0.07407407407407407,17.79792837752155,"
"
"Lees, Tyler",Blades,32,0.02,0.01,0.03,0.2,0.2,17.82356009945554,"
"
"Benson, Tyler",Giants,58,0.14835164835164835,0.23076923076923078,0.3791208791208791,1.2747252747252746,0.3791208791208791,20.01077137800454,"
"
"Carpendale, Tyler",Thunderbirds,19,0.04838709677419355,0.03225806451612903,0.08064516129032258,0.24193548387096775,0.5161290322580645,17.877247818202186,"
"
"Reimer, Christian",Broncos,1,0.0,0.0,0.0,0.0,0.0,17.756164383561643,"
"
"Doust, Logan",Blades,3,0.0,0.0,0.0,0.2857142857142857,0.0,16.53150684931507,"
"
"Bjorklund, Paycen",Americans,47,0.012658227848101266,0.012658227848101266,0.02531645569620253,0.17721518987341772,0.0949367088607595,17.266139464680805,"
"
"Bauer, Tyrel",Thunderbirds,2,0.0,0.0,0.0,0.0,0.0,15.784931506849315,"
"
"Salame, Neithan",Wheat Kings,3,0.0,0.0,0.0,0.0,0.0,16.885616438356166,"
"
"Zawatsky, Alec",Blades,43,0.022058823529411766,0.03676470588235294,0.058823529411764705,0.40441176470588236,0.19852941176470587,18.23049562704206,"
"
"Hendren, Parker",Giants,10,0.0,0.0,0.0,0.16129032258064516,0.06451612903225806,16.907250642123287,"
"
"McIsaac, Payton",Blades,1,0.0,0.0,0.0,0.0,0.0,16.86849315068493,"
"
"McCarry, Nick",Tigers,2,0.0,0.0,0.0,0.0,0.0,16.473972602739725,"
"
"McClennon, Connor",ICE,5,0.0,0.0,0.0,0.38461538461538464,0.15384615384615385,15.661815068493151,"
"
"Yamamoto, Kailer",Chiefs,40,0.12574850299401197,0.25748502994011974,0.38323353293413176,0.6646706586826348,0.10778443113772455,19.460995269888983,"
"
"Henry, Nick",Pats,53,0.07954545454545454,0.08522727272727272,0.16477272727272727,0.9090909090909091,0.18181818181818182,18.710328739734585,"
"
"Brown, Tanner",Giants,6,0.0,0.043478260869565216,0.043478260869565216,0.08695652173913043,0.0,15.254880136986301,"
"
"Schmidt, Randen",Blades,36,0.0,0.05426356589147287,0.05426356589147287,0.1937984496124031,0.07751937984496124,18.152961810913943,"
"
"Gardiner, Drae",Warriors,3,0.0,0.0,0.0,0.0625,0.0,17.027397260273972,"
"
"Sanders, Matthew",Warriors,6,0.0,0.0,0.0,0.041666666666666664,0.0,17.1625,"
"
"Boyko, Noah",Hurricanes,3,0.0,0.0,0.0,0.08333333333333333,0.0,15.317123287671233,"
"
"Sourdif, Justin",Giants,4,0.0,0.0,0.0,0.4166666666666667,0.0,15.885616438356164,"
"
"Bowen, Ryan",Hurricanes,13,0.018867924528301886,0.09433962264150944,0.11320754716981132,0.33962264150943394,0.1509433962264151,19.02600933754281,"
"
"Belcourt, Liam",Americans,16,0.0,0.018518518518518517,0.018518518518518517,0.1111111111111111,0.1111111111111111,17.639981873394692,"
"
"Aquilon, Remy",Royals,7,0.0,0.0,0.0,0.038461538461538464,0.15384615384615385,16.9392551369863,"
"
"Shearer, James",Wheat Kings,43,0.0136986301369863,0.0684931506849315,0.0821917808219178,0.4178082191780822,0.14383561643835616,20.74061032800142,"
"
"Souch, Carter",Oil Kings,38,0.0392156862745098,0.049019607843137254,0.08823529411764706,0.2549019607843137,0.09803921568627451,16.386285444444773,"
"
"Brook, Josh",Warriors,45,0.014563106796116505,0.1407766990291262,0.1553398058252427,0.5145631067961165,0.22330097087378642,18.757077124088063,"
"
"Fahey, River",Rebels,26,0.015625,0.03125,0.046875,0.21875,0.1875,16.807184512892814,"
"
"Greig, Ridly",Wheat Kings,4,0.0,0.0625,0.0625,0.1875,0.0,15.439383561643835,"
"
"Gent, Tyus",Royals,5,0.0,0.1111111111111111,0.1111111111111111,0.0,0.0,16.90684931506849,"
"
"Guhle, Kaiden",Raiders,8,0.0,0.045454545454545456,0.045454545454545456,0.09090909090909091,0.18181818181818182,15.976305650684932,"
"
"Bukac, Daniel",Wheat Kings,39,0.0,0.058823529411764705,0.058823529411764705,0.22794117647058823,0.29411764705882354,18.886234495814726,"
"
"Stewart, Greyson",Broncos,2,0.0,0.0,0.0,0.0,0.0,16.30821917808219,"
"
"Svenson, Justin",Rebels,18,0.0,0.0,0.0,0.16326530612244897,0.0,16.828993350512363,"
"
"King, Ben",Broncos,7,0.0,0.0,0.0,0.24,0.08,15.67410102739726,"
"
"Nychuk, Chad",Wheat Kings,3,0.0,0.0,0.0,0.0,0.0,16.78835616438356,"
"
"Beamin, Cole",Cougars,2,0.0,0.0,0.0,0.0,0.0,16.184931506849317,"
"
"Herold, Adam",Raiders,3,0.0,0.0,0.0,0.1,0.0,16.81232876712329,"
"
"Prokop, Luke",Hitmen,14,0.0,0.046511627906976744,0.046511627906976744,0.09302325581395349,0.13953488372093023,15.697167634310787,"
"
"Neighbours, Jake",Oil Kings,11,0.0,0.1111111111111111,0.1111111111111111,0.3333333333333333,0.16666666666666666,15.974986622431507,"
"
"Bains, Arshdeep",Rebels,39,0.017094017094017096,0.042735042735042736,0.05982905982905983,0.20512820512820512,0.1111111111111111,17.186241198123376,"
"
"Finley, Jack",Chiefs,7,0.0,0.03333333333333333,0.03333333333333333,0.23333333333333334,0.26666666666666666,15.335145547945206,"
"
"Patrician, Evan",Giants,4,0.0,0.0,0.0,0.125,0.0,16.871232876712327,"
"
"MacLean, Mike",Thunderbirds,37,0.015873015873015872,0.015873015873015872,0.031746031746031744,0.1349206349206349,0.38095238095238093,19.696686185431133,"
"
"Klassen, Devan",Hitmen,9,0.0,0.0,0.0,0.16666666666666666,0.0,16.647848886986303,"
"
"Crnkovic, Kyle",Blades,3,0.0,0.0,0.0,0.2,0.0,15.897945205479452,"
"
"Mack, Ethan",Blades,3,0.0,0.0,0.0,1.2,0.4,16.43904109589041,"
"
"Jarvis, Seth",Winterhawks,11,0.0,0.0625,0.0625,0.375,0.0,15.991237692636986,"
"
"Dureau, Jaydon",Winterhawks,6,0.0,0.0,0.0,0.35294117647058826,0.0,16.999914383561645,"
"
"Kjemhus, Kjell",Pats,3,0.0,0.0,0.0,0.23076923076923078,0.15384615384615385,16.752739726027396,"
"
"Kjemhus, Kjell",Cougars,24,0.03076923076923077,0.015384615384615385,0.046153846153846156,0.2923076923076923,0.18461538461538463,16.95311167305463,"
"
"Spenst, Carter",Broncos,4,0.0,0.0,0.0,0.18181818181818182,0.18181818181818182,16.480479452054794,"
"
"Dubinsky, Cole",Pats,5,0.0,0.09523809523809523,0.09523809523809523,0.14285714285714285,0.38095238095238093,15.122945205479452,"
"
"Alexander, Jacson",Broncos,32,0.007874015748031496,0.031496062992125984,0.03937007874015748,0.2755905511811024,0.047244094488188976,17.125383455778334,"
"
"Pelletier, Raphael",Oil Kings,5,0.0,0.0,0.0,0.1,0.0,15.928253424657534,"
"
"Smallwood, Jakin",ICE,1,0.0,0.0,0.0,0.0,0.0,16.95068493150685,"
"
"Jones, Nolan",Hurricanes,9,0.0,0.05,0.05,0.45,0.1,16.896575342465752,"
"
"Cotton, Alex",Hurricanes,4,0.0,0.0,0.0,0.0625,0.0,16.768835616438356,"
"
"Bader, Bryce",Hitmen,3,0.0,0.0,0.0,0.23076923076923078,0.0,16.7013698630137,"
"
"Lawson, Aidan",Oil Kings,2,0.0,0.0,0.0,0.0,0.0,16.71780821917808,"
"
"Morozoff, Alex",Rebels,29,0.06896551724137931,0.022988505747126436,0.09195402298850575,0.3218390804597701,0.06896551724137931,16.799922456633148,"
"
"Van Impe, Eric",Tigers,2,0.0,0.0,0.0,0.2222222222222222,0.0,16.256164383561647,"
"
"Dowhaniuk, Logan",Oil Kings,4,0.0,0.0,0.0,0.0,0.0,15.658561643835617,"
"
"Anderson, Dylan",Silvertips,1,0.0,0.0,0.0,0.0,0.2222222222222222,15.219178082191782,"
"
"Goncalves, Gage",Silvertips,1,0.0,0.0,0.0,0.0,0.2222222222222222,16.986301369863014,"
"
"Cadieux, Tom",Americans,4,0.0,0.0,0.0,0.1875,0.0,15.461986301369864,"
"
"Jette, Tyler",Americans,4,0.09090909090909091,0.0,0.09090909090909091,0.2727272727272727,0.0,19.702397260273973,"
"
"Gorda, Brayden",Oil Kings,30,0.011494252873563218,0.034482758620689655,0.04597701149425287,0.4482758620689655,0.5632183908045977,18.93124211491277,"
"
"Culling, Matthew",Oil Kings,5,0.0,0.0,0.0,0.25,0.0,16.921061643835614,"
"
"Boucher, Jacob",Hurricanes,3,0.0,0.0,0.0,0.1111111111111111,0.0,15.945205479452056,"
"
"Korczak, Ryder",Hitmen,3,0.0,0.0,0.0,0.16666666666666666,0.0,15.315068493150683,"
"
"Gabrielle, Jesse",Pats,27,0.1326530612244898,0.061224489795918366,0.19387755102040816,0.8367346938775511,1.0714285714285714,20.75688109773479,"
"
"Smith, Zak",Rebels,10,0.0,0.03125,0.03125,0.21875,0.0,16.808524186643837,"
"
"Stevenson, Blake",Americans,5,0.0,0.0,0.0,0.14285714285714285,0.0,17.02517123287671,"
"
"Lambert, Edge",Cougars,2,0.0,0.0,0.0,0.3333333333333333,0.0,16.39178082191781,"
"
"Wiesblatt, Ozzy",Raiders,1,0.3333333333333333,0.0,0.3333333333333333,0.3333333333333333,0.0,15.882191780821918,"
"
"Clayton, Hayden",Hurricanes,4,0.0,0.0,0.0,0.0,0.0,17.880479452054793,"
"
"Reinders, Kaden",Royals,3,0.0,0.0,0.0,0.16666666666666666,0.0,16.067808219178083,"
"
"Mount, Payton",Thunderbirds,6,0.0,0.08333333333333333,0.08333333333333333,0.75,0.0,16.100599315068493,"
"
"Craik, Keegan",Cougars,1,0.0,0.0,0.0,0.0,0.0,16.704109589041096,"
"
"Augustine, Cayde",Rockets,5,0.0,0.0,0.0,0.0,0.0,16.429280821917807,"
"
"Hopwo, Corson",Tigers,1,0.0,0.0,0.0,0.6666666666666666,0.0,16.742465753424657,"
"
"Allan, Blake",ICE,4,0.07692307692307693,0.07692307692307693,0.15384615384615385,0.46153846153846156,0.0,16.897602739726025,"
"
"Pillar, Josh",Blazers,1,0.0,0.0,0.0,2.0,0.0,15.991780821917809,"
"
"Larson, Cordel",Chiefs,4,0.0,0.0,0.0,0.07692307692307693,0.0,16.78904109589041,"
"
"Boyle, Brendan",Cougars,3,0.0,0.0,0.0,1.75,0.0,16.865068493150687,"
"
"Sexsmith, Joel",Giants,4,0.0,0.0,0.0,0.09090909090909091,0.18181818181818182,15.860273972602739,"
"
"Yoder, Ty",Royals,1,0.0,0.0,0.0,0.16666666666666666,0.0,15.668493150684931,"
"
"Bowie, Connor",Cougars,10,0.05555555555555555,0.027777777777777776,0.08333333333333333,0.19444444444444445,0.05555555555555555,16.938350813356166,"
"
"Lambos, Jonathon",Wheat Kings,1,0.0,0.0,0.0,0.0,0.6666666666666666,17.10958904109589,"
"
"Phare, Tyson",Cougars,2,0.0,0.0,0.0,0.14285714285714285,0.0,15.938356164383562,"
"
"Borysiuk, Jordan",Rebels,6,0.0,0.06666666666666667,0.06666666666666667,0.3333333333333333,0.0,16.12662671232877,"
"
"Plummer, Krz",Giants,1,0.0,0.0,0.0,0.0,0.0,16.04931506849315,"
"
"Rowland, Ethan",Rebels,3,0.0,0.0,0.0,0.0,0.0,15.469178082191782,"
"
"Tracey, Brayden",Warriors,5,0.0,0.1111111111111111,0.1111111111111111,0.0,0.0,16.806335616438353,"
"
"Chudley, Jordan",ICE,1,0.0,0.0,0.0,0.3333333333333333,0.6666666666666666,17.09041095890411,"
"
"Ashton, Zachary",Blades,2,0.0,0.0,0.0,0.2857142857142857,0.0,17.104109589041094,"
"
"Gulka, Sean",Chiefs,4,0.0,0.08333333333333333,0.08333333333333333,0.3333333333333333,0.0,18.095890410958905,"
"
"Wilton, Dallon",Rockets,2,0.0,0.0,0.0,0.3076923076923077,0.0,16.891780821917806,"
"
"Saleski, Cohner",Raiders,1,0.0,0.0,0.0,0.75,0.0,16.18082191780822,"
"
